{"type":"FeatureCollection", "features": [
{"type":"Feature","geometry":{"type":"MultiPolygon","coordinates":[[[[-68.68,44.28],[-68.72,44.17],[-68.64,44.16],[-68.56,44.2],[-68.68,44.28]]],[[[-68.45,44.19],[-68.5,44.16],[-68.43,44.12],[-68.38,44.15],[-68.45,44.19]]],[[[-68.79,44.05],[-68.83,44.19],[-68.92,44.15],[-68.94,44.11],[-68.89,44.03],[-68.79,44.05]]],[[[-70.7,43.06],[-70.67,43.07],[-70.58,43.22],[-70.59,43.25],[-70.54,43.34],[-70.47,43.34],[-70.36,43.44],[-70.38,43.5],[-70.36,43.53],[-70.27,43.56],[-70.2,43.57],[-70.25,43.68],[-70.19,43.77],[-70.05,43.83],[-70,43.8],[-69.87,43.78],[-69.84,43.72],[-69.75,43.76],[-69.71,43.82],[-69.65,43.79],[-69.6,43.86],[-69.55,43.84],[-69.46,43.9],[-69.44,43.96],[-69.33,43.97],[-69.2,43.94],[-69.19,43.98],[-69.06,44.07],[-69.1,44.1],[-69.05,44.17],[-69.04,44.23],[-68.96,44.31],[-68.95,44.36],[-68.99,44.42],[-68.83,44.46],[-68.81,44.36],[-68.83,44.31],[-68.73,44.33],[-68.6,44.27],[-68.53,44.4],[-68.43,44.44],[-68.4,44.38],[-68.43,44.31],[-68.4,44.25],[-68.32,44.23],[-68.3,44.28],[-68.17,44.33],[-68.18,44.37],[-68.3,44.45],[-68.21,44.49],[-68.12,44.48],[-68.11,44.4],[-68.05,44.33],[-67.99,44.39],[-67.87,44.46],[-67.86,44.52],[-67.75,44.54],[-67.65,44.53],[-67.57,44.53],[-67.55,44.62],[-67.46,44.6],[-67.31,44.66],[-67.27,44.63],[-67.19,44.65],[-66.98,44.81],[-66.98,44.91],[-67.04,44.95],[-67.11,45.11],[-67.16,45.16],[-67.27,45.19],[-67.34,45.13],[-67.4,45.16],[-67.47,45.29],[-67.42,45.38],[-67.48,45.43],[-67.5,45.49],[-67.43,45.5],[-67.43,45.58],[-67.65,45.61],[-67.72,45.66],[-67.8,45.68],[-67.8,45.8],[-67.76,45.82],[-67.8,45.88],[-67.78,45.94],[-67.78,46.28],[-67.79,46.6],[-67.79,47.07],[-67.88,47.1],[-67.95,47.2],[-68.22,47.34],[-68.34,47.36],[-68.43,47.28],[-68.58,47.29],[-68.62,47.24],[-68.72,47.24],[-68.9,47.18],[-69.04,47.25],[-69.05,47.38],[-69.04,47.41],[-69.22,47.46],[-69.57,47.13],[-70,46.7],[-70.06,46.42],[-70.21,46.33],[-70.29,46.19],[-70.24,46.15],[-70.31,46.06],[-70.31,45.96],[-70.27,45.96],[-70.26,45.89],[-70.42,45.8],[-70.38,45.73],[-70.47,45.7],[-70.64,45.61],[-70.72,45.52],[-70.72,45.49],[-70.63,45.42],[-70.71,45.39],[-70.78,45.43],[-70.81,45.3],[-70.89,45.23],[-70.95,45.33],[-71.08,45.31],[-71.03,44.66],[-71.01,44.3],[-70.99,43.79],[-70.97,43.57],[-70.95,43.55],[-70.99,43.41],[-70.97,43.34],[-70.82,43.24],[-70.83,43.13],[-70.7,43.06]]]]},"properties":null},
{"type":"Feature","geometry":{"type":"MultiPolygon","coordinates":[[[[-70.6,41.47],[-70.69,41.44],[-70.8,41.31],[-70.71,41.34],[-70.45,41.35],[-70.55,41.42],[-70.6,41.47]]],[[[-70.09,41.3],[-70.26,41.29],[-70.12,41.24],[-70.02,41.24],[-69.96,41.28],[-70.02,41.37],[-70.09,41.3]]],[[[-73.26,42.75],[-73.51,42.09],[-73.49,42.05],[-73,42.04],[-72.14,42.03],[-71.8,42.02],[-71.8,42.01],[-71.38,42.02],[-71.38,41.89],[-71.33,41.78],[-71.22,41.71],[-71.2,41.68],[-71.13,41.66],[-71.12,41.5],[-70.95,41.52],[-70.93,41.61],[-70.89,41.63],[-70.81,41.62],[-70.72,41.74],[-70.65,41.69],[-70.63,41.54],[-70.49,41.55],[-70.44,41.61],[-70.36,41.63],[-70.25,41.63],[-70.09,41.66],[-69.93,41.67],[-69.94,41.81],[-69.99,41.95],[-70.03,42.02],[-70.08,42.01],[-70.05,41.93],[-70.01,41.88],[-70.02,41.79],[-70.19,41.75],[-70.26,41.71],[-70.47,41.76],[-70.54,41.82],[-70.53,41.86],[-70.55,41.93],[-70.66,41.96],[-70.64,42.09],[-70.77,42.25],[-70.85,42.27],[-70.99,42.27],[-71.02,42.33],[-70.97,42.36],[-70.98,42.42],[-70.86,42.49],[-70.87,42.55],[-70.65,42.58],[-70.62,42.63],[-70.77,42.7],[-70.81,42.78],[-70.82,42.87],[-70.93,42.88],[-71.03,42.86],[-71.06,42.81],[-71.13,42.82],[-71.29,42.7],[-71.98,42.71],[-72.46,42.73],[-73.26,42.75]]]]},"properties":null},
{"type":"Feature","geometry":{"type":"MultiPolygon","coordinates":[[[[-88.68,48.12],[-88.84,48.06],[-89.18,47.94],[-89.26,47.88],[-89.19,47.83],[-89.12,47.83],[-88.91,47.89],[-88.9,47.95],[-88.67,48.01],[-88.58,48.08],[-88.45,48.16],[-88.55,48.17],[-88.68,48.12]]],[[[-85.57,45.76],[-85.6,45.68],[-85.62,45.58],[-85.53,45.58],[-85.49,45.62],[-85.5,45.73],[-85.57,45.76]]],[[[-87.59,45.1],[-87.61,45.12],[-87.47,45.27],[-87.26,45.55],[-87.17,45.66],[-87.07,45.72],[-87.06,45.81],[-86.99,45.81],[-86.98,45.71],[-86.92,45.7],[-86.84,45.72],[-86.77,45.81],[-86.78,45.86],[-86.65,45.83],[-86.58,45.9],[-86.53,45.85],[-86.56,45.81],[-86.72,45.68],[-86.65,45.62],[-86.59,45.7],[-86.51,45.75],[-86.36,45.79],[-86.32,45.91],[-86.2,45.96],[-86.05,45.96],[-85.93,45.93],[-85.89,45.97],[-85.81,45.98],[-85.66,45.97],[-85.52,46.09],[-85.34,46.09],[-85.2,46.04],[-85.15,46.05],[-85,46.01],[-84.83,45.87],[-84.75,45.84],[-84.7,45.85],[-84.73,45.91],[-84.69,46.03],[-84.66,46.05],[-84.38,45.93],[-84.33,45.96],[-84.11,45.98],[-83.92,45.96],[-83.9,45.99],[-83.99,46.03],[-84.07,46.09],[-84.03,46.13],[-84.13,46.18],[-84.22,46.16],[-84.22,46.23],[-84.12,46.23],[-84.12,46.32],[-84.15,46.42],[-84.11,46.5],[-84.13,46.53],[-84.23,46.53],[-84.25,46.5],[-84.42,46.5],[-84.55,46.42],[-84.63,46.48],[-84.68,46.49],[-84.8,46.45],[-84.86,46.47],[-85.02,46.48],[-85.06,46.53],[-85.04,46.58],[-85.03,46.7],[-84.95,46.77],[-85.26,46.75],[-85.48,46.68],[-85.59,46.67],[-85.88,46.69],[-86.12,46.66],[-86.14,46.67],[-86.35,46.58],[-86.5,46.52],[-86.59,46.46],[-86.68,46.5],[-86.79,46.48],[-86.88,46.44],[-86.95,46.47],[-87.02,46.53],[-87.11,46.5],[-87.26,46.49],[-87.39,46.52],[-87.38,46.59],[-87.44,46.6],[-87.57,46.72],[-87.63,46.81],[-87.73,46.83],[-87.74,46.87],[-87.9,46.91],[-88.08,46.92],[-88.18,46.9],[-88.24,46.93],[-88.44,46.79],[-88.48,46.83],[-88.44,46.97],[-88.37,47.02],[-88.35,47.07],[-88.3,47.1],[-88.21,47.21],[-88.16,47.22],[-88.05,47.3],[-87.94,47.34],[-87.96,47.39],[-87.82,47.38],[-87.72,47.44],[-87.8,47.47],[-87.98,47.48],[-88.18,47.46],[-88.42,47.37],[-88.57,47.25],[-88.66,47.23],[-88.76,47.16],[-88.89,47.1],[-88.94,47.02],[-89,47],[-89.14,46.98],[-89.25,46.9],[-89.44,46.84],[-89.51,46.84],[-89.62,46.82],[-89.67,46.83],[-89.85,46.8],[-90.03,46.67],[-90.33,46.61],[-90.42,46.57],[-90.34,46.55],[-90.27,46.5],[-90.22,46.5],[-90.12,46.36],[-90.12,46.34],[-89.09,46.14],[-88.78,46.02],[-88.74,46.03],[-88.62,45.99],[-88.51,46.01],[-88.42,45.98],[-88.1,45.92],[-88.09,45.86],[-88.14,45.82],[-88.09,45.79],[-88,45.8],[-87.96,45.76],[-87.88,45.75],[-87.78,45.67],[-87.78,45.61],[-87.81,45.46],[-87.86,45.43],[-87.87,45.37],[-87.75,45.35],[-87.69,45.39],[-87.65,45.34],[-87.74,45.2],[-87.66,45.11],[-87.59,45.1]]],[[[-86.03,45.16],[-86.06,45.1],[-85.98,45.09],[-85.98,45.14],[-86.03,45.16]]],[[[-83.45,41.73],[-83.44,41.79],[-83.33,41.92],[-83.27,41.94],[-83.17,42.02],[-83.19,42.07],[-83.13,42.09],[-83.13,42.24],[-83.06,42.32],[-82.96,42.34],[-82.89,42.4],[-82.87,42.52],[-82.8,42.65],[-82.7,42.69],[-82.68,42.56],[-82.6,42.55],[-82.52,42.61],[-82.47,42.76],[-82.48,42.81],[-82.46,42.93],[-82.41,42.98],[-82.49,43.1],[-82.52,43.23],[-82.54,43.44],[-82.6,43.6],[-82.61,43.74],[-82.63,43.83],[-82.74,43.99],[-82.92,44.07],[-83.02,44.05],[-83.05,44.02],[-83.26,43.97],[-83.34,43.92],[-83.33,43.88],[-83.42,43.84],[-83.44,43.76],[-83.52,43.72],[-83.67,43.59],[-83.73,43.62],[-83.91,43.67],[-83.95,43.75],[-83.93,43.78],[-83.92,43.9],[-83.83,43.99],[-83.68,43.99],[-83.65,44.05],[-83.58,44.06],[-83.55,44.23],[-83.51,44.27],[-83.43,44.27],[-83.33,44.34],[-83.31,44.54],[-83.31,44.61],[-83.27,44.71],[-83.32,44.88],[-83.39,44.9],[-83.44,44.95],[-83.45,45.03],[-83.4,45.07],[-83.27,45.02],[-83.32,45.13],[-83.36,45.16],[-83.42,45.29],[-83.5,45.36],[-83.6,45.35],[-83.72,45.41],[-83.81,45.42],[-83.91,45.49],[-84.11,45.51],[-84.14,45.57],[-84.22,45.63],[-84.33,45.66],[-84.46,45.65],[-84.56,45.7],[-84.77,45.79],[-84.8,45.75],[-84.91,45.75],[-85.02,45.65],[-85.07,45.63],[-85.12,45.57],[-85.09,45.48],[-85.04,45.44],[-84.92,45.42],[-84.92,45.39],[-85.03,45.36],[-85.14,45.37],[-85.21,45.36],[-85.37,45.27],[-85.39,45.24],[-85.37,45.12],[-85.4,44.93],[-85.53,44.75],[-85.56,44.81],[-85.5,44.87],[-85.53,44.89],[-85.63,44.77],[-85.65,44.87],[-85.57,45.04],[-85.61,45.13],[-85.75,45.05],[-85.81,44.95],[-85.87,44.94],[-85.93,44.97],[-85.98,44.91],[-86.07,44.91],[-86.07,44.77],[-86.12,44.73],[-86.23,44.71],[-86.25,44.65],[-86.22,44.57],[-86.25,44.48],[-86.27,44.35],[-86.43,44.12],[-86.51,44.06],[-86.46,43.97],[-86.43,43.82],[-86.46,43.75],[-86.53,43.68],[-86.54,43.62],[-86.48,43.52],[-86.4,43.32],[-86.25,43.08],[-86.23,42.99],[-86.21,42.72],[-86.25,42.48],[-86.3,42.36],[-86.36,42.25],[-86.49,42.12],[-86.62,41.89],[-86.72,41.82],[-86.82,41.76],[-86.52,41.76],[-85.79,41.76],[-84.81,41.76],[-84.81,41.7],[-84.36,41.71],[-83.45,41.73]]],[[[-83.56,45.91],[-83.51,45.93],[-83.48,46],[-83.53,46.01],[-83.58,46.09],[-83.63,46.1],[-83.69,46.04],[-83.85,46.03],[-83.88,45.97],[-83.79,45.93],[-83.66,45.95],[-83.56,45.91]]],[[[-84.42,45.72],[-84.36,45.77],[-84.5,45.81],[-84.56,45.79],[-84.5,45.74],[-84.42,45.72]]]]},"properties":null},
{"type":"Feature","geometry":{"type":"Polygon","coordinates":[[[-104.06,45],[-104.04,45],[-104.04,45.37],[-104.05,45.95],[-104.05,46.38],[-104.05,46.83],[-104.05,47.34],[-104.04,47.97],[-104.05,48.6],[-104.05,49],[-104.88,49],[-105.36,49],[-106.05,49],[-106.63,49],[-107.7,49],[-108.49,49],[-108.99,49],[-110.17,49],[-111,49],[-111.5,49],[-112.14,49],[-113.01,49],[-113.69,49],[-114.38,49],[-115.21,49],[-116.05,49],[-116.05,48.48],[-116.05,47.98],[-115.9,47.84],[-115.85,47.83],[-115.82,47.75],[-115.72,47.7],[-115.74,47.65],[-115.69,47.6],[-115.75,47.56],[-115.67,47.45],[-115.72,47.42],[-115.55,47.35],[-115.53,47.3],[-115.41,47.26],[-115.33,47.26],[-115.24,47.15],[-115.19,47.13],[-115.09,47.05],[-115.05,46.97],[-115,46.97],[-114.94,46.9],[-114.93,46.84],[-114.77,46.76],[-114.77,46.7],[-114.65,46.73],[-114.62,46.64],[-114.47,46.63],[-114.42,46.66],[-114.33,46.66],[-114.32,46.61],[-114.38,46.44],[-114.42,46.39],[-114.41,46.34],[-114.45,46.24],[-114.45,46.17],[-114.51,46.17],[-114.52,46.13],[-114.46,46.1],[-114.49,46.05],[-114.39,45.88],[-114.41,45.85],[-114.5,45.85],[-114.57,45.77],[-114.5,45.72],[-114.5,45.67],[-114.56,45.64],[-114.56,45.59],[-114.46,45.56],[-114.42,45.51],[-114.33,45.46],[-114.25,45.52],[-114.14,45.56],[-113.99,45.7],[-113.9,45.64],[-113.81,45.6],[-113.83,45.52],[-113.77,45.52],[-113.78,45.45],[-113.73,45.39],[-113.74,45.33],[-113.68,45.25],[-113.6,45.19],[-113.57,45.13],[-113.45,45.06],[-113.44,44.96],[-113.49,44.95],[-113.46,44.87],[-113.36,44.82],[-113.34,44.78],[-113.25,44.82],[-113.13,44.77],[-113.06,44.62],[-113.08,44.6],[-113.02,44.53],[-113,44.45],[-112.89,44.4],[-112.78,44.48],[-112.72,44.5],[-112.66,44.49],[-112.47,44.48],[-112.39,44.45],[-112.36,44.53],[-112.29,44.57],[-112.11,44.52],[-112.03,44.55],[-111.87,44.56],[-111.82,44.51],[-111.72,44.54],[-111.59,44.56],[-111.47,44.67],[-111.49,44.71],[-111.32,44.72],[-111.22,44.62],[-111.23,44.58],[-111.14,44.54],[-111.12,44.49],[-111.05,44.47],[-111.06,44.62],[-111.06,45],[-110.79,45],[-110.71,44.99],[-110.2,45],[-110.11,45],[-109.75,45],[-109.1,45.01],[-109.08,45],[-108.27,45],[-107.13,45],[-107.08,45],[-106.26,44.99],[-105.93,44.99],[-105.85,45],[-105.04,45],[-104.06,45]]]},"properties":null},
{"type":"Feature","geometry":{"type":"Polygon","coordinates":[[[-114.05,37],[-114.05,37.59],[-114.05,37.82],[-114.05,38.5],[-114.05,39.01],[-114.05,39.5],[-114.05,40],[-114.04,40.77],[-114.04,41.22],[-114.04,41.99],[-114.6,41.99],[-114.81,42],[-115.03,42],[-115.87,42],[-116.37,42],[-117.03,42],[-117.63,42],[-118.2,42],[-118.7,41.99],[-119.21,41.99],[-119.79,42],[-120,41.99],[-120,41.62],[-120,41.18],[-120,40.5],[-120,39.96],[-120.01,39.23],[-120,39],[-119.38,38.57],[-118.95,38.27],[-118.25,37.77],[-117.88,37.5],[-117.38,37.13],[-117,36.85],[-116.54,36.5],[-116.09,36.16],[-115.75,35.89],[-115.27,35.51],[-114.63,35],[-114.57,35.14],[-114.57,35.18],[-114.6,35.33],[-114.63,35.41],[-114.68,35.49],[-114.65,35.61],[-114.69,35.65],[-114.71,35.81],[-114.68,35.89],[-114.73,35.94],[-114.74,36.1],[-114.57,36.15],[-114.51,36.13],[-114.37,36.14],[-114.24,36.01],[-114.15,36.02],[-114.07,36.18],[-114.05,36.19],[-114.05,36.66],[-114.05,37]]]},"properties":null},
{"type":"Feature","geometry":{"type":"Polygon","coordinates":[[[-75.51,39.69],[-75.56,39.63],[-75.56,39.61],[-75.51,39.58],[-75.54,39.46],[-75.47,39.44],[-75.37,39.34],[-75.29,39.29],[-75.17,39.23],[-75.17,39.2],[-75.04,39.22],[-74.89,39.16],[-74.9,39.09],[-74.96,39],[-74.97,38.94],[-74.86,38.94],[-74.79,38.99],[-74.71,39.1],[-74.71,39.12],[-74.61,39.24],[-74.52,39.31],[-74.41,39.36],[-74.3,39.47],[-74.14,39.69],[-74.1,39.76],[-74.08,39.91],[-74.03,40.12],[-73.98,40.3],[-73.97,40.37],[-74,40.41],[-74.13,40.45],[-74.19,40.44],[-74.26,40.46],[-74.25,40.54],[-74.21,40.58],[-74.2,40.63],[-74.18,40.65],[-74.14,40.64],[-74.07,40.66],[-74.02,40.71],[-74.01,40.76],[-73.93,40.89],[-73.9,41],[-74.3,41.17],[-74.69,41.36],[-74.75,41.35],[-74.84,41.28],[-74.88,41.18],[-74.98,41.11],[-75.03,41.04],[-75.13,40.99],[-75.05,40.87],[-75.11,40.79],[-75.17,40.78],[-75.2,40.69],[-75.19,40.58],[-75.1,40.57],[-75.07,40.54],[-75.06,40.42],[-74.96,40.4],[-74.94,40.34],[-74.87,40.3],[-74.84,40.25],[-74.77,40.21],[-74.73,40.15],[-74.82,40.13],[-74.86,40.08],[-74.93,40.07],[-75.13,39.96],[-75.15,39.88],[-75.27,39.85],[-75.33,39.85],[-75.42,39.8],[-75.51,39.69]]]},"properties":null},
{"type":"Feature","geometry":{"type":"MultiPolygon","coordinates":[[[[-73.66,40.99],[-73.65,41.01],[-73.73,41.1],[-73.48,41.21],[-73.55,41.3],[-73.52,41.62],[-73.49,42.05],[-73.51,42.09],[-73.26,42.75],[-73.28,42.83],[-73.26,43.26],[-73.25,43.53],[-73.3,43.62],[-73.43,43.63],[-73.35,43.77],[-73.39,43.82],[-73.37,43.87],[-73.41,43.93],[-73.41,44.03],[-73.44,44.05],[-73.39,44.19],[-73.31,44.27],[-73.33,44.37],[-73.3,44.43],[-73.3,44.48],[-73.39,44.62],[-73.37,44.74],[-73.34,44.8],[-73.38,44.85],[-73.34,44.92],[-73.34,45.01],[-73.87,45],[-74.15,44.99],[-74.68,45],[-74.73,44.99],[-74.83,45.02],[-74.91,44.98],[-74.97,44.98],[-75.07,44.93],[-75.24,44.87],[-75.51,44.71],[-75.77,44.52],[-75.82,44.43],[-75.91,44.37],[-76,44.35],[-76.16,44.28],[-76.16,44.24],[-76.25,44.2],[-76.31,44.2],[-76.37,44.1],[-76.3,44.06],[-76.3,44.01],[-76.25,43.97],[-76.19,44],[-76.13,43.9],[-76.2,43.86],[-76.23,43.8],[-76.2,43.65],[-76.2,43.57],[-76.24,43.53],[-76.3,43.51],[-76.41,43.52],[-76.63,43.41],[-76.7,43.34],[-76.95,43.27],[-77.11,43.29],[-77.39,43.28],[-77.58,43.24],[-77.76,43.34],[-77.98,43.37],[-78.49,43.37],[-78.63,43.36],[-79.07,43.26],[-79.04,43.14],[-79.07,43.08],[-79.01,43.06],[-79.01,42.99],[-78.93,42.96],[-78.86,42.84],[-78.85,42.78],[-78.92,42.74],[-79.05,42.69],[-79.15,42.55],[-79.35,42.49],[-79.43,42.43],[-79.65,42.32],[-79.76,42.27],[-79.76,42],[-78.87,42],[-77.83,42],[-77.12,42],[-76.75,42],[-76.34,42],[-75.74,42],[-75.36,42],[-75.28,41.94],[-75.26,41.87],[-75.11,41.84],[-75.1,41.77],[-75.05,41.75],[-75.04,41.62],[-75.07,41.61],[-74.98,41.51],[-74.89,41.44],[-74.76,41.42],[-74.69,41.36],[-74.3,41.17],[-73.9,41],[-73.93,40.89],[-74.01,40.76],[-74.02,40.71],[-74.04,40.62],[-73.95,40.57],[-73.94,40.54],[-73.83,40.58],[-73.61,40.59],[-73.58,40.57],[-73.32,40.64],[-73.21,40.63],[-73.05,40.67],[-72.77,40.76],[-72.4,40.87],[-72.11,40.97],[-71.87,41.05],[-71.92,41.08],[-72.1,40.99],[-72.16,41.05],[-72.26,41.04],[-72.36,41.13],[-72.4,41.1],[-72.59,41],[-72.69,40.99],[-72.77,40.97],[-73.04,40.96],[-73.12,40.98],[-73.15,40.93],[-73.23,40.91],[-73.35,40.93],[-73.4,40.95],[-73.5,40.92],[-73.63,40.9],[-73.71,40.87],[-73.78,40.79],[-73.82,40.84],[-73.76,40.91],[-73.69,40.95],[-73.66,40.99]]],[[[-74.14,40.54],[-74.05,40.6],[-74.09,40.65],[-74.2,40.63],[-74.2,40.6],[-74.21,40.56],[-74.14,40.54]]]]},"properties":null},
{"type":"Feature","geometry":{"type":"Polygon","coordinates":[[[-81.68,36.59],[-81.71,36.54],[-81.7,36.47],[-81.74,36.41],[-81.72,36.35],[-81.8,36.36],[-81.91,36.3],[-82.03,36.12],[-82.13,36.11],[-82.15,36.15],[-82.2,36.16],[-82.29,36.14],[-82.41,36.08],[-82.46,36.01],[-82.55,35.96],[-82.61,35.97],[-82.59,36.03],[-82.63,36.07],[-82.79,35.99],[-82.83,35.93],[-82.9,35.95],[-82.9,35.87],[-82.99,35.77],[-83.08,35.79],[-83.24,35.73],[-83.31,35.65],[-83.45,35.61],[-83.5,35.56],[-83.77,35.56],[-83.83,35.52],[-83.88,35.52],[-84.02,35.4],[-84.04,35.35],[-84.02,35.3],[-84.1,35.25],[-84.2,35.24],[-84.22,35.27],[-84.29,35.23],[-84.32,34.99],[-83.62,34.99],[-83.11,35],[-82.78,35.09],[-82.75,35.07],[-82.61,35.14],[-82.46,35.18],[-82.27,35.2],[-81.72,35.18],[-81.04,35.15],[-81.04,35.04],[-80.93,35.11],[-80.78,34.94],[-80.8,34.82],[-80.5,34.82],[-79.87,34.81],[-79.68,34.8],[-79.36,34.55],[-79.25,34.45],[-78.54,33.85],[-78.38,33.9],[-78.18,33.91],[-78.02,33.89],[-77.96,33.84],[-77.95,33.91],[-77.83,34.16],[-77.74,34.27],[-77.58,34.4],[-77.46,34.47],[-77.32,34.54],[-77.21,34.61],[-77.03,34.66],[-76.77,34.7],[-76.68,34.69],[-76.52,34.64],[-76.52,34.68],[-76.46,34.79],[-76.4,34.86],[-76.35,34.87],[-76.24,35],[-76.35,35.03],[-76.33,34.97],[-76.4,34.98],[-76.44,35.06],[-76.47,35.07],[-76.5,35.01],[-76.64,34.99],[-76.76,34.92],[-76.89,34.96],[-76.98,35],[-76.98,35.06],[-76.8,34.96],[-76.57,35.1],[-76.54,35.17],[-76.47,35.26],[-76.5,35.32],[-76.66,35.35],[-76.72,35.38],[-76.71,35.43],[-76.59,35.39],[-76.59,35.51],[-76.49,35.37],[-76.34,35.35],[-76.14,35.33],[-76.01,35.42],[-76,35.48],[-75.9,35.57],[-75.84,35.57],[-75.73,35.63],[-75.71,35.69],[-75.74,35.77],[-75.73,35.81],[-75.78,35.94],[-75.85,35.98],[-75.9,35.98],[-75.99,35.89],[-75.99,35.77],[-76.05,35.72],[-76.06,35.85],[-76.01,35.92],[-76.06,35.99],[-76.18,35.99],[-76.36,35.94],[-76.4,35.98],[-76.53,35.94],[-76.67,35.94],[-76.68,36.04],[-76.58,36.01],[-76.46,36.02],[-76.41,36.08],[-76.07,36.14],[-76.02,36.19],[-75.91,36.21],[-75.8,36.11],[-75.92,36.37],[-76,36.44],[-76.02,36.5],[-75.9,36.48],[-75.85,36.42],[-75.81,36.24],[-75.76,36.15],[-75.72,36],[-75.68,35.99],[-75.72,36.11],[-75.82,36.36],[-75.87,36.55],[-76.81,36.55],[-76.92,36.54],[-77.75,36.55],[-78.51,36.54],[-79.51,36.54],[-80.3,36.54],[-80.7,36.56],[-80.84,36.56],[-81.68,36.59]]]},"properties":null},
{"type":"Feature","geometry":{"type":"Polygon","coordinates":[[[-82.59,38.42],[-82.53,38.41],[-82.32,38.45],[-82.29,38.58],[-82.19,38.59],[-82.18,38.71],[-82.22,38.8],[-82.14,38.84],[-82.14,38.9],[-82.04,39.03],[-81.93,38.99],[-81.9,38.94],[-81.84,38.93],[-81.78,38.96],[-81.76,39.02],[-81.81,39.06],[-81.75,39.09],[-81.76,39.18],[-81.69,39.23],[-81.68,39.27],[-81.57,39.27],[-81.56,39.34],[-81.46,39.41],[-81.35,39.35],[-81.27,39.39],[-81.22,39.39],[-81.13,39.45],[-81.02,39.55],[-80.93,39.61],[-80.88,39.62],[-80.87,39.75],[-80.79,39.86],[-80.8,39.92],[-80.74,39.97],[-80.7,40.15],[-80.6,40.32],[-80.61,40.44],[-80.6,40.48],[-80.67,40.57],[-80.63,40.62],[-80.52,40.64],[-80.52,41.25],[-80.52,41.98],[-80.9,41.87],[-81.01,41.85],[-81.25,41.76],[-81.29,41.76],[-81.44,41.67],[-81.6,41.56],[-81.74,41.49],[-81.94,41.49],[-82.01,41.52],[-82.19,41.46],[-82.25,41.43],[-82.36,41.43],[-82.48,41.38],[-82.62,41.43],[-82.72,41.52],[-82.86,41.55],[-82.93,41.51],[-83,41.54],[-83.07,41.6],[-83.23,41.64],[-83.33,41.7],[-83.45,41.71],[-83.45,41.73],[-84.36,41.71],[-84.81,41.7],[-84.8,41.44],[-84.8,40.8],[-84.8,40.31],[-84.81,39.81],[-84.82,39.11],[-84.75,39.15],[-84.63,39.08],[-84.51,39.09],[-84.47,39.12],[-84.43,39.06],[-84.3,39.01],[-84.23,38.89],[-84.21,38.81],[-84.07,38.77],[-83.98,38.79],[-83.86,38.76],[-83.78,38.7],[-83.77,38.66],[-83.67,38.63],[-83.62,38.68],[-83.52,38.7],[-83.47,38.68],[-83.37,38.66],[-83.29,38.6],[-83.24,38.63],[-83.14,38.63],[-83.1,38.68],[-83.03,38.72],[-82.89,38.76],[-82.87,38.73],[-82.85,38.6],[-82.8,38.56],[-82.72,38.56],[-82.61,38.47],[-82.59,38.42]]]},"properties":null},
{"type":"Feature","geometry":{"type":"Polygon","coordinates":[[[-75.42,39.8],[-75.33,39.85],[-75.27,39.85],[-75.15,39.88],[-75.13,39.96],[-74.93,40.07],[-74.86,40.08],[-74.82,40.13],[-74.73,40.15],[-74.77,40.21],[-74.84,40.25],[-74.87,40.3],[-74.94,40.34],[-74.96,40.4],[-75.06,40.42],[-75.07,40.54],[-75.1,40.57],[-75.19,40.58],[-75.2,40.69],[-75.17,40.78],[-75.11,40.79],[-75.05,40.87],[-75.13,40.99],[-75.03,41.04],[-74.98,41.11],[-74.88,41.18],[-74.84,41.28],[-74.75,41.35],[-74.69,41.36],[-74.76,41.42],[-74.89,41.44],[-74.98,41.51],[-75.07,41.61],[-75.04,41.62],[-75.05,41.75],[-75.1,41.77],[-75.11,41.84],[-75.26,41.87],[-75.28,41.94],[-75.36,42],[-75.74,42],[-76.34,42],[-76.75,42],[-77.12,42],[-77.83,42],[-78.87,42],[-79.76,42],[-79.76,42.27],[-79.93,42.21],[-80.06,42.14],[-80.14,42.15],[-80.19,42.09],[-80.33,42.04],[-80.52,41.98],[-80.52,41.25],[-80.52,40.64],[-80.52,40.08],[-80.52,39.72],[-79.85,39.72],[-79.48,39.72],[-78.54,39.72],[-77.47,39.72],[-76.99,39.72],[-76.42,39.72],[-75.79,39.72],[-75.7,39.8],[-75.62,39.83],[-75.5,39.83],[-75.42,39.8]]]},"properties":null},
{"type":"Feature","geometry":{"type":"MultiPolygon","coordinates":[[[[-71.12,41.5],[-71.13,41.66],[-71.2,41.68],[-71.27,41.62],[-71.33,41.52],[-71.32,41.48],[-71.12,41.5]]],[[[-71.22,41.71],[-71.33,41.78],[-71.38,41.89],[-71.38,42.02],[-71.8,42.01],[-71.79,41.66],[-71.8,41.42],[-71.86,41.32],[-71.72,41.33],[-71.53,41.38],[-71.49,41.36],[-71.42,41.47],[-71.41,41.66],[-71.35,41.73],[-71.29,41.7],[-71.22,41.71]]]]},"properties":null},
{"type":"Feature","geometry":{"type":"Polygon","coordinates":[[[-81.68,36.59],[-81.65,36.61],[-81.92,36.62],[-81.93,36.59],[-82.89,36.59],[-83.68,36.6],[-83.69,36.58],[-84.54,36.6],[-84.84,36.61],[-85.2,36.63],[-85.49,36.61],[-85.83,36.62],[-86.33,36.65],[-86.59,36.65],[-87.11,36.64],[-87.85,36.63],[-87.85,36.66],[-88.07,36.68],[-88.03,36.54],[-88.05,36.5],[-89.12,36.5],[-89.3,36.51],[-89.42,36.5],[-89.49,36.5],[-89.54,36.5],[-89.54,36.42],[-89.51,36.37],[-89.53,36.34],[-89.61,36.31],[-89.54,36.27],[-89.59,36.24],[-89.69,36.22],[-89.61,36.17],[-89.59,36.13],[-89.68,36.08],[-89.69,36.03],[-89.73,36],[-89.66,35.93],[-89.77,35.89],[-89.78,35.81],[-89.81,35.76],[-89.95,35.74],[-89.96,35.69],[-89.91,35.62],[-90.13,35.44],[-90.07,35.38],[-90.11,35.3],[-90.16,35.26],[-90.08,35.23],[-90.12,35.19],[-90.07,35.14],[-90.17,35.12],[-90.21,35.03],[-90.29,35.04],[-90.31,35],[-89.43,34.99],[-88.85,35],[-88.2,35],[-88.2,35.01],[-87.43,35],[-86.86,34.99],[-86.31,34.99],[-85.61,34.98],[-85.38,34.98],[-84.94,34.99],[-84.32,34.99],[-84.29,35.23],[-84.22,35.27],[-84.2,35.24],[-84.1,35.25],[-84.02,35.3],[-84.04,35.35],[-84.02,35.4],[-83.88,35.52],[-83.83,35.52],[-83.77,35.56],[-83.5,35.56],[-83.45,35.61],[-83.31,35.65],[-83.24,35.73],[-83.08,35.79],[-82.99,35.77],[-82.9,35.87],[-82.9,35.95],[-82.83,35.93],[-82.79,35.99],[-82.63,36.07],[-82.59,36.03],[-82.61,35.97],[-82.55,35.96],[-82.46,36.01],[-82.41,36.08],[-82.29,36.14],[-82.2,36.16],[-82.15,36.15],[-82.13,36.11],[-82.03,36.12],[-81.91,36.3],[-81.8,36.36],[-81.72,36.35],[-81.74,36.41],[-81.7,36.47],[-81.71,36.54],[-81.68,36.59]]]},"properties":null},
{"type":"Feature","geometry":{"type":"MultiPolygon","coordinates":[[[[-96.85,28.06],[-96.62,28.23],[-96.44,28.32],[-96.45,28.34],[-96.58,28.3],[-96.7,28.2],[-96.82,28.17],[-96.81,28.13],[-96.89,28.12],[-97.03,27.91],[-97.06,27.84],[-97.17,27.73],[-97.21,27.63],[-97.26,27.6],[-97.26,27.56],[-97.32,27.46],[-97.36,27.36],[-97.39,27.16],[-97.39,26.82],[-97.31,26.58],[-97.27,26.55],[-97.33,26.74],[-97.37,26.91],[-97.38,27.1],[-97.36,27.21],[-97.33,27.35],[-97.28,27.47],[-97.17,27.68],[-97,27.91],[-96.85,28.06]]],[[[-106.53,31.78],[-106.38,31.73],[-106.25,31.54],[-106.21,31.47],[-106.08,31.4],[-106,31.39],[-105.95,31.36],[-105.93,31.31],[-105.87,31.29],[-105.77,31.17],[-105.65,31.12],[-105.6,31.08],[-105.56,30.99],[-105.4,30.89],[-105.4,30.86],[-105.2,30.79],[-105.15,30.75],[-104.99,30.66],[-104.97,30.61],[-104.9,30.57],[-104.85,30.42],[-104.86,30.39],[-104.76,30.3],[-104.69,30.18],[-104.69,30.09],[-104.71,30.05],[-104.68,29.92],[-104.57,29.77],[-104.54,29.68],[-104.51,29.64],[-104.34,29.52],[-104.26,29.51],[-104.21,29.47],[-104.18,29.41],[-104.04,29.32],[-103.98,29.3],[-103.84,29.28],[-103.79,29.26],[-103.72,29.19],[-103.65,29.16],[-103.56,29.15],[-103.5,29.12],[-103.43,29.04],[-103.33,29.02],[-103.28,28.98],[-103.12,28.99],[-103.1,29.06],[-103.02,29.13],[-103,29.17],[-102.95,29.18],[-102.87,29.23],[-102.91,29.26],[-102.88,29.35],[-102.84,29.36],[-102.81,29.52],[-102.77,29.59],[-102.69,29.68],[-102.68,29.74],[-102.54,29.75],[-102.49,29.78],[-102.39,29.77],[-102.34,29.87],[-102.3,29.88],[-102.23,29.84],[-102.18,29.85],[-102.12,29.79],[-102.05,29.79],[-101.97,29.81],[-101.93,29.79],[-101.85,29.8],[-101.71,29.77],[-101.48,29.78],[-101.4,29.73],[-101.37,29.66],[-101.32,29.66],[-101.31,29.6],[-101.24,29.59],[-101.26,29.54],[-101.17,29.51],[-101.15,29.48],[-101.06,29.46],[-101.01,29.37],[-100.89,29.31],[-100.88,29.28],[-100.8,29.25],[-100.78,29.17],[-100.67,29.1],[-100.65,28.99],[-100.65,28.94],[-100.6,28.9],[-100.57,28.83],[-100.51,28.74],[-100.5,28.66],[-100.4,28.58],[-100.41,28.55],[-100.34,28.43],[-100.35,28.4],[-100.29,28.32],[-100.29,28.28],[-100.21,28.19],[-100.08,28.14],[-100.02,28.06],[-99.99,27.99],[-99.93,27.98],[-99.94,27.94],[-99.89,27.9],[-99.88,27.8],[-99.81,27.77],[-99.7,27.65],[-99.64,27.63],[-99.6,27.64],[-99.51,27.56],[-99.53,27.5],[-99.48,27.49],[-99.5,27.34],[-99.5,27.27],[-99.44,27.25],[-99.43,27.18],[-99.45,27.02],[-99.38,26.97],[-99.33,26.88],[-99.27,26.84],[-99.24,26.75],[-99.21,26.72],[-99.17,26.54],[-99.09,26.48],[-99.11,26.43],[-98.97,26.4],[-98.89,26.36],[-98.82,26.37],[-98.76,26.33],[-98.67,26.24],[-98.59,26.25],[-98.5,26.21],[-98.47,26.22],[-98.35,26.15],[-98.25,26.07],[-98.11,26.07],[-98.04,26.04],[-97.89,26.07],[-97.8,26.06],[-97.76,26.03],[-97.65,26.02],[-97.58,25.94],[-97.52,25.89],[-97.37,25.84],[-97.37,25.92],[-97.28,25.95],[-97.15,25.96],[-97.2,26.08],[-97.27,26.09],[-97.3,26.18],[-97.34,26.27],[-97.33,26.35],[-97.41,26.45],[-97.44,26.45],[-97.42,26.55],[-97.45,26.61],[-97.47,26.76],[-97.56,26.84],[-97.54,26.9],[-97.56,26.99],[-97.48,27],[-97.49,27.1],[-97.45,27.09],[-97.42,27.26],[-97.54,27.23],[-97.63,27.24],[-97.61,27.29],[-97.49,27.37],[-97.48,27.3],[-97.4,27.33],[-97.32,27.57],[-97.25,27.7],[-97.37,27.74],[-97.39,27.78],[-97.4,27.87],[-97.25,27.88],[-97.19,27.82],[-97.05,28.02],[-97.07,28.09],[-97.16,28.05],[-97.21,28.09],[-97.15,28.13],[-97.04,28.19],[-97.01,28.14],[-96.93,28.12],[-96.8,28.22],[-96.79,28.26],[-96.79,28.37],[-96.78,28.4],[-96.71,28.41],[-96.67,28.34],[-96.4,28.44],[-96.42,28.47],[-96.57,28.58],[-96.66,28.7],[-96.59,28.73],[-96.56,28.7],[-96.58,28.64],[-96.5,28.64],[-96.47,28.57],[-96.3,28.64],[-96.3,28.67],[-96.2,28.7],[-96.23,28.64],[-96.2,28.59],[-96.03,28.65],[-95.99,28.61],[-95.81,28.66],[-95.44,28.86],[-95.35,28.9],[-95.13,29.07],[-95.03,29.15],[-94.8,29.28],[-94.73,29.33],[-94.82,29.34],[-94.87,29.29],[-95.09,29.13],[-95.17,29.11],[-95.15,29.19],[-95.1,29.17],[-95.03,29.21],[-94.98,29.27],[-94.89,29.31],[-94.89,29.43],[-94.91,29.5],[-94.98,29.51],[-95.02,29.55],[-94.98,29.6],[-95.01,29.66],[-94.94,29.7],[-94.87,29.67],[-94.82,29.76],[-94.74,29.79],[-94.7,29.72],[-94.71,29.63],[-94.78,29.53],[-94.74,29.53],[-94.55,29.57],[-94.59,29.49],[-94.67,29.48],[-94.77,29.39],[-94.73,29.37],[-94.67,29.43],[-94.59,29.47],[-94.13,29.65],[-94,29.68],[-93.85,29.68],[-93.84,29.69],[-93.92,29.82],[-93.86,29.86],[-93.79,29.99],[-93.72,30.05],[-93.73,30.09],[-93.7,30.15],[-93.72,30.21],[-93.71,30.29],[-93.77,30.33],[-93.76,30.39],[-93.7,30.44],[-93.73,30.57],[-93.68,30.6],[-93.68,30.64],[-93.62,30.7],[-93.59,30.79],[-93.55,30.82],[-93.57,30.89],[-93.53,30.94],[-93.57,30.98],[-93.52,31.02],[-93.55,31.08],[-93.55,31.19],[-93.6,31.18],[-93.62,31.27],[-93.69,31.31],[-93.66,31.36],[-93.7,31.44],[-93.75,31.47],[-93.73,31.5],[-93.82,31.55],[-93.84,31.61],[-93.8,31.69],[-93.82,31.77],[-93.87,31.82],[-93.91,31.89],[-93.98,31.93],[-94.04,32],[-94.04,32.69],[-94.04,33.02],[-94.04,33.55],[-94.16,33.59],[-94.3,33.58],[-94.31,33.55],[-94.4,33.56],[-94.45,33.63],[-94.49,33.64],[-94.65,33.69],[-94.71,33.69],[-94.78,33.76],[-94.83,33.74],[-94.92,33.79],[-94.96,33.84],[-95.05,33.86],[-95.13,33.94],[-95.23,33.96],[-95.29,33.88],[-95.41,33.87],[-95.53,33.88],[-95.56,33.93],[-95.71,33.89],[-95.83,33.84],[-95.94,33.86],[-96.05,33.84],[-96.15,33.84],[-96.17,33.77],[-96.23,33.75],[-96.28,33.77],[-96.34,33.69],[-96.42,33.78],[-96.5,33.77],[-96.53,33.82],[-96.62,33.84],[-96.6,33.88],[-96.67,33.91],[-96.69,33.85],[-96.76,33.82],[-96.79,33.87],[-96.87,33.85],[-96.92,33.96],[-97,33.93],[-96.99,33.89],[-97.09,33.8],[-97.1,33.73],[-97.17,33.74],[-97.21,33.8],[-97.17,33.85],[-97.21,33.92],[-97.27,33.86],[-97.34,33.87],[-97.37,33.82],[-97.46,33.84],[-97.46,33.9],[-97.55,33.9],[-97.59,33.95],[-97.67,33.99],[-97.83,33.86],[-97.87,33.85],[-97.97,33.88],[-97.95,33.99],[-98.08,34],[-98.12,34.08],[-98.17,34.11],[-98.3,34.13],[-98.36,34.16],[-98.42,34.08],[-98.49,34.06],[-98.58,34.15],[-98.65,34.16],[-98.69,34.13],[-98.77,34.14],[-98.91,34.18],[-98.95,34.21],[-99.04,34.2],[-99.19,34.21],[-99.21,34.34],[-99.26,34.4],[-99.39,34.44],[-99.4,34.38],[-99.5,34.41],[-99.58,34.42],[-99.6,34.37],[-99.7,34.38],[-99.75,34.42],[-99.89,34.55],[-99.95,34.58],[-100,34.56],[-100,35.18],[-100,35.62],[-100,36.06],[-100,36.5],[-100.52,36.5],[-101.09,36.5],[-101.62,36.5],[-102.25,36.5],[-103,36.5],[-103.04,36.5],[-103.04,36.06],[-103.04,35.25],[-103.04,34.67],[-103.04,34],[-103.06,33.39],[-103.06,33],[-103.06,32.52],[-103.06,32],[-103.75,32],[-104.53,32],[-105.43,32],[-106.13,32],[-106.62,32],[-106.64,31.87],[-106.53,31.78]]]]},"properties":null},
{"type":"Feature","geometry":{"type":"Polygon","coordinates":[[[-114.05,37],[-112.97,37],[-112.36,37],[-111.41,37],[-110.5,37],[-110.47,37],[-109.63,37],[-109.05,37],[-109.04,37.53],[-109.04,38.16],[-109.06,38.28],[-109.06,38.72],[-109.05,39.13],[-109.05,39.87],[-109.05,40.44],[-109.05,41],[-109.53,41],[-110.5,40.99],[-111.05,41],[-111.05,41.57],[-111.05,42],[-111.51,42],[-112.17,42],[-112.19,42],[-113.25,42],[-113.89,41.99],[-114.04,41.99],[-114.04,41.22],[-114.04,40.77],[-114.05,40],[-114.05,39.5],[-114.05,39.01],[-114.05,38.5],[-114.05,37.82],[-114.05,37.59],[-114.05,37]]]},"properties":null},
{"type":"Feature","geometry":{"type":"MultiPolygon","coordinates":[[[[-122.52,48.29],[-122.59,48.35],[-122.59,48.4],[-122.66,48.4],[-122.67,48.35],[-122.77,48.23],[-122.68,48.16],[-122.61,48.15],[-122.61,48.03],[-122.52,47.97],[-122.47,47.99],[-122.43,47.91],[-122.35,47.95],[-122.38,48.03],[-122.45,48.05],[-122.54,48.05],[-122.59,48.18],[-122.63,48.22],[-122.62,48.29],[-122.52,48.29]]],[[[-116.92,46],[-116.96,46.1],[-116.92,46.17],[-116.98,46.29],[-117.06,46.35],[-117.04,46.43],[-117.04,46.83],[-117.04,47.48],[-117.04,47.84],[-117.04,48.37],[-117.03,49],[-118,49],[-119.13,49],[-120,49],[-120.72,49],[-121.75,49],[-122.1,49],[-122.76,49],[-122.82,48.96],[-122.75,48.93],[-122.79,48.89],[-122.72,48.85],[-122.65,48.77],[-122.54,48.78],[-122.5,48.66],[-122.43,48.6],[-122.48,48.56],[-122.48,48.49],[-122.54,48.47],[-122.62,48.52],[-122.68,48.44],[-122.58,48.43],[-122.51,48.36],[-122.41,48.33],[-122.37,48.29],[-122.41,48.25],[-122.53,48.25],[-122.54,48.18],[-122.4,48.23],[-122.37,48.13],[-122.28,48.05],[-122.23,48.03],[-122.23,47.98],[-122.31,47.95],[-122.34,47.85],[-122.39,47.81],[-122.37,47.73],[-122.43,47.66],[-122.34,47.59],[-122.41,47.57],[-122.4,47.52],[-122.33,47.39],[-122.32,47.35],[-122.42,47.32],[-122.44,47.27],[-122.53,47.29],[-122.59,47.18],[-122.68,47.1],[-122.78,47.12],[-122.77,47.17],[-122.71,47.22],[-122.7,47.28],[-122.59,47.25],[-122.53,47.47],[-122.49,47.51],[-122.54,47.56],[-122.49,47.59],[-122.5,47.7],[-122.49,47.74],[-122.51,47.88],[-122.64,47.87],[-122.66,47.93],[-122.72,47.99],[-122.67,48.02],[-122.7,48.1],[-122.78,48.14],[-122.88,48.1],[-122.98,48.1],[-123.16,48.17],[-123.25,48.12],[-123.4,48.11],[-123.59,48.13],[-123.7,48.17],[-123.78,48.16],[-123.98,48.16],[-124.24,48.26],[-124.38,48.28],[-124.6,48.38],[-124.72,48.39],[-124.66,48.33],[-124.7,48.18],[-124.67,47.96],[-124.63,47.89],[-124.49,47.82],[-124.43,47.75],[-124.36,47.55],[-124.32,47.36],[-124.24,47.29],[-124.18,47.09],[-124.12,47.04],[-124.03,47.03],[-123.99,46.98],[-123.9,46.97],[-124.09,46.87],[-124.11,46.84],[-124.1,46.75],[-124.02,46.71],[-123.88,46.73],[-123.85,46.7],[-123.96,46.64],[-123.89,46.54],[-123.94,46.48],[-124.03,46.46],[-124.06,46.33],[-123.99,46.31],[-123.91,46.25],[-123.72,46.3],[-123.67,46.27],[-123.55,46.26],[-123.48,46.27],[-123.43,46.23],[-123.43,46.18],[-123.37,46.15],[-123.28,46.14],[-123.17,46.19],[-123.12,46.19],[-122.9,46.08],[-122.81,45.96],[-122.79,45.87],[-122.8,45.81],[-122.76,45.73],[-122.76,45.66],[-122.68,45.62],[-122.47,45.58],[-122.38,45.58],[-122.33,45.55],[-122.25,45.55],[-122.18,45.58],[-122.1,45.58],[-121.91,45.65],[-121.81,45.71],[-121.74,45.69],[-121.53,45.73],[-121.4,45.69],[-121.34,45.7],[-121.22,45.67],[-121.18,45.61],[-121.08,45.65],[-120.86,45.67],[-120.69,45.72],[-120.63,45.75],[-120.56,45.74],[-120.51,45.7],[-120.4,45.7],[-120.21,45.73],[-120.17,45.76],[-119.97,45.82],[-119.67,45.86],[-119.62,45.91],[-119.36,45.92],[-119.26,45.94],[-119.13,45.93],[-118.99,46],[-118.13,46],[-117.48,46],[-116.92,46]]],[[[-122.89,48.59],[-122.82,48.61],[-122.74,48.66],[-122.91,48.72],[-123.03,48.63],[-122.98,48.6],[-122.89,48.59]]],[[[-122.87,48.42],[-122.81,48.42],[-122.82,48.48],[-122.77,48.52],[-122.92,48.55],[-122.95,48.48],[-122.87,48.42]]],[[[-122.49,47.33],[-122.4,47.38],[-122.51,47.45],[-122.53,47.35],[-122.49,47.33]]],[[[-122.96,48.45],[-123.01,48.47],[-123,48.54],[-123.1,48.6],[-123.18,48.62],[-123.16,48.53],[-123.04,48.46],[-122.96,48.45]]]]},"properties":null},
{"type":"Feature","geometry":{"type":"MultiPolygon","coordinates":[[[[-86.95,45.37],[-86.9,45.32],[-86.82,45.41],[-86.94,45.42],[-86.95,45.37]]],[[[-90.64,42.51],[-90.07,42.51],[-89.25,42.5],[-88.79,42.49],[-88.12,42.5],[-87.8,42.49],[-87.81,42.64],[-87.76,42.78],[-87.82,42.84],[-87.84,42.94],[-87.89,43],[-87.87,43.07],[-87.9,43.14],[-87.88,43.17],[-87.91,43.25],[-87.87,43.39],[-87.79,43.49],[-87.79,43.56],[-87.71,43.68],[-87.7,43.77],[-87.74,43.88],[-87.65,44.1],[-87.52,44.18],[-87.51,44.23],[-87.55,44.32],[-87.52,44.38],[-87.48,44.51],[-87.44,44.61],[-87.39,44.64],[-87.3,44.8],[-87.2,44.88],[-87.17,44.93],[-87.19,44.97],[-87.05,45.09],[-87.03,45.22],[-86.99,45.22],[-86.98,45.3],[-87.11,45.26],[-87.12,45.19],[-87.24,45.17],[-87.26,45.08],[-87.36,44.99],[-87.41,44.9],[-87.48,44.86],[-87.61,44.84],[-87.72,44.72],[-87.77,44.64],[-87.87,44.61],[-87.93,44.54],[-88.01,44.54],[-88.01,44.6],[-87.98,44.72],[-87.9,44.83],[-87.83,44.89],[-87.82,44.95],[-87.63,44.98],[-87.63,45.05],[-87.59,45.1],[-87.66,45.11],[-87.74,45.2],[-87.65,45.34],[-87.69,45.39],[-87.75,45.35],[-87.87,45.37],[-87.86,45.43],[-87.81,45.46],[-87.78,45.61],[-87.78,45.67],[-87.88,45.75],[-87.96,45.76],[-88,45.8],[-88.09,45.79],[-88.14,45.82],[-88.09,45.86],[-88.1,45.92],[-88.42,45.98],[-88.51,46.01],[-88.62,45.99],[-88.74,46.03],[-88.78,46.02],[-89.09,46.14],[-90.12,46.34],[-90.12,46.36],[-90.22,46.5],[-90.27,46.5],[-90.34,46.55],[-90.42,46.57],[-90.59,46.6],[-90.74,46.69],[-90.76,46.65],[-90.91,46.58],[-90.95,46.6],[-90.91,46.66],[-90.85,46.7],[-90.89,46.76],[-90.8,46.82],[-90.75,46.9],[-90.84,46.96],[-91,46.92],[-91.1,46.86],[-91.21,46.87],[-91.51,46.76],[-91.57,46.76],[-91.82,46.69],[-91.94,46.68],[-92.02,46.71],[-92.09,46.75],[-92.21,46.65],[-92.29,46.67],[-92.29,46.07],[-92.36,46.01],[-92.42,46.03],[-92.46,45.98],[-92.64,45.93],[-92.71,45.89],[-92.78,45.76],[-92.87,45.72],[-92.88,45.58],[-92.77,45.57],[-92.65,45.44],[-92.65,45.4],[-92.76,45.29],[-92.77,45.19],[-92.74,45.11],[-92.79,45.08],[-92.75,44.94],[-92.77,44.84],[-92.81,44.75],[-92.62,44.64],[-92.62,44.62],[-92.52,44.58],[-92.35,44.56],[-92.28,44.47],[-92.22,44.44],[-92.05,44.4],[-91.93,44.33],[-91.88,44.2],[-91.71,44.12],[-91.58,44.03],[-91.44,44],[-91.28,43.85],[-91.24,43.77],[-91.27,43.71],[-91.27,43.62],[-91.23,43.58],[-91.22,43.5],[-91.23,43.46],[-91.2,43.35],[-91.13,43.33],[-91.06,43.25],[-91.18,43.13],[-91.17,43.04],[-91.15,42.91],[-91.1,42.88],[-91.05,42.74],[-90.95,42.69],[-90.72,42.64],[-90.65,42.54],[-90.64,42.51]]]]},"properties":null},
{"type":"Feature","geometry":{"type":"MultiPolygon","coordinates":[[[[-65.31,18.15],[-65.4,18.16],[-65.58,18.12],[-65.54,18.08],[-65.45,18.09],[-65.31,18.15]]],[[[-66.96,18.49],[-67.02,18.51],[-67.14,18.51],[-67.17,18.47],[-67.16,18.42],[-67.27,18.35],[-67.24,18.3],[-67.2,18.29],[-67.16,18.22],[-67.21,18.04],[-67.21,17.96],[-67.11,17.95],[-67.06,17.97],[-66.99,17.97],[-66.93,17.94],[-66.81,17.97],[-66.76,18.01],[-66.67,17.97],[-66.62,17.98],[-66.58,17.96],[-66.46,17.99],[-66.39,17.94],[-66.32,17.98],[-66.23,17.93],[-66.21,17.96],[-66.16,17.93],[-66.08,17.97],[-66.02,17.98],[-65.92,17.98],[-65.83,18.01],[-65.77,18.15],[-65.72,18.19],[-65.64,18.23],[-65.63,18.34],[-65.74,18.38],[-65.77,18.41],[-65.9,18.45],[-66.01,18.44],[-66.13,18.47],[-66.16,18.45],[-66.27,18.48],[-66.41,18.49],[-66.47,18.47],[-66.62,18.49],[-66.71,18.47],[-66.78,18.49],[-66.96,18.49]]]]},"properties":null},
{"type":"Feature","geometry":{"type":"MultiPolygon","coordinates":[[[[-76.07,38.2],[-76.1,38.13],[-76.02,38.07],[-76.02,38.18],[-76.07,38.2]]],[[[-75.99,37.95],[-75.98,38.02],[-76.04,38.03],[-76.05,37.95],[-75.99,37.95]]],[[[-75.67,37.95],[-75.62,37.99],[-75.24,38.03],[-75.19,38.1],[-75.05,38.45],[-75.43,38.45],[-75.69,38.46],[-75.76,39.25],[-75.79,39.66],[-75.79,39.72],[-76.42,39.72],[-76.99,39.72],[-77.47,39.72],[-78.54,39.72],[-79.48,39.72],[-79.49,39.21],[-79.25,39.34],[-79.13,39.42],[-79.1,39.46],[-78.95,39.46],[-78.87,39.52],[-78.8,39.61],[-78.69,39.55],[-78.57,39.52],[-78.46,39.52],[-78.42,39.62],[-78.35,39.64],[-78.27,39.62],[-78.17,39.7],[-78.08,39.67],[-78.01,39.6],[-77.88,39.56],[-77.85,39.5],[-77.8,39.49],[-77.75,39.42],[-77.76,39.33],[-77.72,39.32],[-77.57,39.31],[-77.54,39.27],[-77.46,39.23],[-77.53,39.15],[-77.46,39.08],[-77.34,39.06],[-77.24,39.02],[-77.22,38.97],[-77.15,38.96],[-77.12,38.93],[-77.04,39],[-76.91,38.89],[-77.04,38.79],[-77.04,38.72],[-77.13,38.67],[-77.13,38.64],[-77.24,38.55],[-77.27,38.48],[-77.25,38.38],[-77.21,38.36],[-77.02,38.45],[-76.98,38.35],[-76.92,38.29],[-76.8,38.24],[-76.67,38.23],[-76.59,38.21],[-76.54,38.15],[-76.48,38.12],[-76.44,38.14],[-76.36,38.06],[-76.32,38.14],[-76.39,38.22],[-76.4,38.31],[-76.39,38.39],[-76.49,38.48],[-76.52,38.53],[-76.51,38.62],[-76.53,38.72],[-76.56,38.77],[-76.49,38.84],[-76.52,38.86],[-76.45,38.94],[-76.47,38.97],[-76.39,39.01],[-76.44,39.05],[-76.43,39.13],[-76.44,39.2],[-76.36,39.31],[-76.28,39.32],[-76.18,39.38],[-76.07,39.48],[-76.1,39.54],[-75.97,39.56],[-76,39.48],[-75.98,39.45],[-76.05,39.37],[-76.11,39.37],[-76.17,39.33],[-76.28,39.15],[-76.23,39.06],[-76.16,39],[-76.27,38.94],[-76.2,38.93],[-76.19,38.83],[-76.27,38.85],[-76.33,38.77],[-76.32,38.73],[-76.26,38.74],[-76.15,38.64],[-76.21,38.61],[-76.28,38.61],[-76.29,38.57],[-76.25,38.52],[-76.34,38.49],[-76.28,38.41],[-76.26,38.32],[-76.11,38.29],[-76.04,38.24],[-75.94,38.27],[-75.85,38.21],[-75.94,38.19],[-75.9,38.14],[-75.84,38.11],[-75.81,38.06],[-75.88,38.01],[-75.9,37.93],[-75.86,37.92],[-75.78,37.97],[-75.71,37.98],[-75.67,37.95]]]]},"properties":null},
{"type":"Feature","geometry":{"type":"Polygon","coordinates":[[[-85,31],[-85.04,31.11],[-85.1,31.17],[-85.11,31.26],[-85.09,31.3],[-85.09,31.36],[-85.07,31.47],[-85.04,31.54],[-85.06,31.62],[-85.13,31.69],[-85.14,31.86],[-85.06,32.01],[-85.06,32.13],[-85.01,32.18],[-84.93,32.22],[-84.89,32.27],[-85,32.32],[-84.97,32.44],[-85,32.51],[-85.07,32.58],[-85.11,32.68],[-85.13,32.78],[-85.18,32.86],[-85.3,33.48],[-85.36,33.75],[-85.47,34.33],[-85.56,34.75],[-85.61,34.98],[-86.31,34.99],[-86.86,34.99],[-87.43,35],[-88.2,35.01],[-88.2,35],[-88.15,34.92],[-88.1,34.89],[-88.13,34.62],[-88.21,34.03],[-88.25,33.72],[-88.33,33.07],[-88.4,32.45],[-88.47,31.89],[-88.44,31.25],[-88.42,30.87],[-88.4,30.37],[-88.33,30.39],[-88.2,30.36],[-88.19,30.32],[-88.14,30.32],[-88.11,30.38],[-88.1,30.51],[-88.05,30.61],[-88.06,30.64],[-88.01,30.68],[-87.94,30.66],[-87.9,30.55],[-87.93,30.49],[-87.91,30.41],[-87.85,30.38],[-87.76,30.29],[-87.77,30.26],[-87.66,30.25],[-87.52,30.28],[-87.46,30.33],[-87.43,30.41],[-87.37,30.43],[-87.44,30.48],[-87.45,30.53],[-87.39,30.63],[-87.41,30.68],[-87.53,30.74],[-87.55,30.79],[-87.63,30.87],[-87.59,30.96],[-87.6,31],[-87.14,31],[-86.52,30.99],[-85.89,30.99],[-85,31]]]},"properties":null},
{"type":"Feature","geometry":{"type":"MultiPolygon","coordinates":[[[[-164.98,54.13],[-165.14,54.13],[-165.2,54.09],[-165.04,54.07],[-164.95,54.08],[-164.98,54.13]]],[[[-165.79,54.17],[-165.87,54.22],[-165.98,54.22],[-166.08,54.18],[-166.11,54.12],[-166.05,54.04],[-165.84,54.08],[-165.77,54.07],[-165.67,54.1],[-165.79,54.17]]],[[[-166.73,54],[-166.88,53.99],[-167.03,53.95],[-167.14,53.87],[-167.14,53.83],[-167.02,53.76],[-166.98,53.78],[-166.79,53.73],[-167.06,53.7],[-167.06,53.62],[-167.16,53.61],[-167.1,53.52],[-167.2,53.46],[-167.28,53.48],[-167.36,53.42],[-167.46,53.44],[-167.62,53.39],[-167.69,53.39],[-167.85,53.32],[-167.8,53.28],[-167.64,53.25],[-167.59,53.29],[-167.49,53.27],[-167.44,53.32],[-166.96,53.46],[-166.86,53.44],[-166.67,53.49],[-166.58,53.53],[-166.53,53.63],[-166.28,53.68],[-166.17,53.73],[-166.11,53.78],[-166.12,53.86],[-166.21,53.82],[-166.42,53.76],[-166.4,53.81],[-166.32,53.87],[-166.24,53.88],[-166.21,53.93],[-166.32,53.96],[-166.44,53.96],[-166.44,53.91],[-166.56,53.88],[-166.65,53.92],[-166.6,53.98],[-166.64,54.01],[-166.73,54]]],[[[-168.21,53.26],[-168.04,53.3],[-167.84,53.39],[-167.86,53.44],[-167.78,53.5],[-167.9,53.52],[-168,53.57],[-168.2,53.53],[-168.34,53.48],[-168.4,53.42],[-168.43,53.32],[-168.37,53.31],[-168.36,53.25],[-168.45,53.27],[-168.54,53.25],[-168.6,53.27],[-168.76,53.18],[-168.8,53.11],[-168.76,53.07],[-168.87,53],[-168.86,52.97],[-168.96,52.93],[-168.96,52.89],[-168.69,52.97],[-168.59,53.03],[-168.5,53.04],[-168.34,53.16],[-168.27,53.24],[-168.21,53.26]]],[[[-169.94,52.86],[-170.01,52.83],[-169.96,52.79],[-169.84,52.82],[-169.7,52.79],[-169.67,52.86],[-169.77,52.89],[-169.94,52.86]]],[[[172.76,52.82],[172.9,52.76],[173,52.8],[173.17,52.8],[173.23,52.86],[173.3,52.82],[173.42,52.85],[173.3,52.93],[173.21,52.94],[173.11,52.99],[172.75,53.01],[172.63,53],[172.46,52.93],[172.51,52.91],[172.64,52.93],[172.75,52.88],[172.76,52.82]]],[[[-170.17,52.78],[-170.19,52.72],[-170.08,52.72],[-170.06,52.77],[-170.17,52.78]]],[[[-170.84,52.56],[-170.79,52.54],[-170.67,52.6],[-170.6,52.6],[-170.56,52.67],[-170.63,52.7],[-170.73,52.68],[-170.82,52.64],[-170.84,52.56]]],[[[-171.29,52.45],[-171.24,52.45],[-171.2,52.5],[-171.25,52.53],[-171.31,52.49],[-171.29,52.45]]],[[[173.59,52.48],[173.53,52.45],[173.38,52.43],[173.47,52.38],[173.59,52.4],[173.65,52.36],[173.73,52.36],[173.71,52.48],[173.62,52.51],[173.59,52.48]]],[[[-172.63,52.27],[-172.53,52.25],[-172.41,52.28],[-172.3,52.33],[-172.33,52.37],[-172.45,52.39],[-172.57,52.35],[-172.63,52.27]]],[[[-173.6,52.15],[-173.8,52.11],[-173.89,52.13],[-173.97,52.1],[-173.9,52.05],[-173.83,52.04],[-173.72,52.06],[-173.55,52.03],[-173.11,52.08],[-173.12,52.11],[-173.36,52.1],[-173.51,52.11],[-173.6,52.15]]],[[[-136.36,58.22],[-136.37,58.15],[-136.56,58.08],[-136.57,57.93],[-136.48,57.9],[-136.46,57.85],[-136.37,57.83],[-136.21,57.64],[-136.13,57.62],[-136,57.54],[-136.03,57.52],[-135.89,57.41],[-135.69,57.38],[-135.56,57.45],[-135.57,57.58],[-135.66,57.63],[-135.59,57.66],[-135.47,57.63],[-135.24,57.55],[-135.08,57.46],[-134.9,57.46],[-134.82,57.5],[-134.87,57.62],[-134.92,57.68],[-134.92,57.74],[-135.1,57.75],[-135.2,57.73],[-135.33,57.75],[-135.31,57.81],[-135.2,57.78],[-135.02,57.78],[-134.95,57.82],[-135.17,57.9],[-135.14,57.93],[-135,57.88],[-134.93,57.92],[-134.91,57.98],[-134.98,58.05],[-135.11,58.09],[-135.28,58.1],[-135.4,58.14],[-135.45,58.13],[-135.59,58.21],[-135.74,58.24],[-135.82,58.28],[-136,58.2],[-136.16,58.22],[-136.22,58.16],[-136.28,58.22],[-136.36,58.22]]],[[[-170.29,57.13],[-170.17,57.18],[-170.16,57.23],[-170.31,57.22],[-170.42,57.19],[-170.29,57.13]]],[[[-134.61,58.17],[-134.7,58.16],[-134.72,58.27],[-134.96,58.41],[-134.97,58.37],[-134.91,58.21],[-134.78,58.1],[-134.8,58.03],[-134.76,57.98],[-134.71,57.83],[-134.73,57.72],[-134.67,57.61],[-134.61,57.56],[-134.61,57.51],[-134.46,57.39],[-134.58,57.4],[-134.57,57.29],[-134.65,57.23],[-134.62,57.15],[-134.63,57.11],[-134.6,57.03],[-134.5,57.03],[-134.16,57.21],[-134.13,57.31],[-134.08,57.35],[-133.98,57.3],[-133.87,57.36],[-133.91,57.44],[-133.89,57.5],[-133.95,57.57],[-133.94,57.61],[-134.12,57.73],[-134.28,57.91],[-134.33,57.99],[-134.23,58.02],[-134.16,57.95],[-134.12,57.87],[-134.03,57.82],[-133.99,57.72],[-133.88,57.73],[-133.9,57.81],[-134.02,57.93],[-134.09,57.97],[-134.1,58.02],[-134.19,58.08],[-134.17,58.13],[-134.22,58.16],[-134.37,58.15],[-134.45,58.17],[-134.61,58.17]]],[[[-134.28,55.93],[-134.34,55.93],[-134.34,55.84],[-134.28,55.83],[-134.17,55.89],[-134.28,55.93]]],[[[-155.63,55.93],[-155.83,55.82],[-155.79,55.73],[-155.72,55.71],[-155.53,55.71],[-155.47,55.74],[-155.47,55.91],[-155.63,55.93]]],[[[-160.21,55.46],[-160.24,55.41],[-160.15,55.38],[-160.14,55.45],[-160.21,55.46]]],[[[-131.76,55.38],[-131.85,55.42],[-131.87,55.36],[-131.83,55.19],[-131.78,55.14],[-131.71,55.19],[-131.63,55.3],[-131.76,55.38]]],[[[-160.53,55.34],[-160.52,55.38],[-160.71,55.4],[-160.8,55.38],[-160.86,55.32],[-160.84,55.2],[-160.69,55.2],[-160.66,55.16],[-160.53,55.13],[-160.47,55.19],[-160.58,55.3],[-160.53,55.34]]],[[[-161.72,55.15],[-161.83,55.18],[-161.82,55.11],[-161.74,55.05],[-161.63,55.13],[-161.72,55.15]]],[[[-159.53,55.18],[-159.57,55.19],[-159.64,55.04],[-159.53,55.08],[-159.49,55.14],[-159.53,55.18]]],[[[-131.57,55.28],[-131.61,55.24],[-131.6,55.08],[-131.64,55.01],[-131.51,55.03],[-131.39,55.01],[-131.35,55.07],[-131.36,55.16],[-131.4,55.21],[-131.57,55.28]]],[[[-160.02,55.16],[-160.13,55.15],[-160.18,55.12],[-160.18,55.07],[-160.13,55.01],[-160.25,54.9],[-160.2,54.88],[-160.12,54.99],[-159.86,55.1],[-159.82,55.18],[-159.91,55.16],[-159.85,55.27],[-159.89,55.29],[-160.02,55.16]]],[[[-159.32,54.93],[-159.31,54.86],[-159.24,54.88],[-159.2,54.93],[-159.32,54.93]]],[[[-131.25,54.99],[-131.27,55],[-131.48,54.95],[-131.47,54.91],[-131.35,54.86],[-131.27,54.86],[-131.25,54.99]]],[[[-162.26,54.98],[-162.33,54.99],[-162.44,54.93],[-162.43,54.89],[-162.35,54.84],[-162.28,54.85],[-162.23,54.89],[-162.26,54.98]]],[[[-133.09,55.43],[-133.02,55.37],[-133.23,55.38],[-133.28,55.35],[-133.23,55.28],[-133.06,55.27],[-133.02,55.2],[-132.89,55.23],[-132.62,55.11],[-132.54,55.1],[-132.61,54.97],[-132.48,54.9],[-132.39,54.91],[-132.31,54.85],[-132.35,54.82],[-132.31,54.72],[-132.26,54.73],[-132.14,54.69],[-132.03,54.7],[-131.96,54.79],[-131.98,54.85],[-131.98,55.03],[-132.09,55.04],[-131.99,55.17],[-132,55.26],[-132.14,55.24],[-132.13,55.29],[-132.17,55.36],[-132.23,55.37],[-132.32,55.47],[-132.25,55.49],[-132.36,55.65],[-132.46,55.68],[-132.47,55.78],[-132.64,55.92],[-132.84,56.02],[-132.9,56.02],[-133.06,56.13],[-133.04,56.18],[-133.07,56.24],[-133.16,56.32],[-133.42,56.33],[-133.63,56.36],[-133.66,56.31],[-133.6,56.19],[-133.55,56.14],[-133.69,56.07],[-133.82,55.96],[-133.75,55.91],[-133.64,55.92],[-133.59,55.96],[-133.39,55.95],[-133.31,55.99],[-133.25,55.89],[-133.17,55.86],[-133.17,55.81],[-133.26,55.75],[-133.39,55.73],[-133.44,55.65],[-133.26,55.57],[-133.16,55.56],[-133.19,55.5],[-133.09,55.43]]],[[[-162.8,54.49],[-162.86,54.43],[-162.78,54.38],[-162.72,54.4],[-162.61,54.37],[-162.55,54.39],[-162.59,54.45],[-162.8,54.49]]],[[[-165.52,54.3],[-165.64,54.3],[-165.67,54.23],[-165.6,54.17],[-165.63,54.13],[-165.55,54.11],[-165.48,54.18],[-165.56,54.25],[-165.52,54.3]]],[[[-135.7,57.32],[-135.76,57.34],[-135.83,57.3],[-135.87,57.23],[-135.74,57.16],[-135.83,57.09],[-135.86,57],[-135.64,57.02],[-135.57,57.09],[-135.62,57.22],[-135.58,57.25],[-135.7,57.32]]],[[[-152.42,57.82],[-152.46,57.87],[-152.36,57.88],[-152.47,57.96],[-152.55,57.9],[-152.89,57.84],[-152.82,57.89],[-152.84,57.93],[-152.98,57.95],[-153.13,57.95],[-153.23,58],[-153.27,57.89],[-153.45,57.96],[-153.54,57.93],[-153.45,57.84],[-153.52,57.72],[-153.56,57.73],[-153.57,57.83],[-153.65,57.88],[-153.72,57.89],[-153.94,57.81],[-153.93,57.7],[-153.86,57.71],[-153.68,57.67],[-153.66,57.64],[-153.86,57.65],[-153.81,57.59],[-153.88,57.54],[-153.96,57.54],[-153.98,57.65],[-154.23,57.66],[-154.34,57.63],[-154.63,57.51],[-154.71,57.43],[-154.72,57.37],[-154.79,57.35],[-154.69,57.28],[-154.61,57.27],[-154.54,57.2],[-154.52,57.08],[-154.52,56.99],[-154.39,56.96],[-154.23,56.88],[-154.17,56.94],[-153.97,57],[-153.85,56.96],[-154.07,56.84],[-154.13,56.78],[-153.96,56.75],[-153.84,56.82],[-153.71,56.85],[-153.69,56.93],[-153.6,56.94],[-153.54,57],[-153.6,57.06],[-153.5,57.07],[-153.35,57.19],[-153.4,57.06],[-153.2,57.03],[-153.22,57.08],[-152.91,57.13],[-152.95,57.19],[-153.17,57.18],[-152.94,57.26],[-153.01,57.3],[-152.91,57.32],[-152.82,57.27],[-152.75,57.31],[-152.63,57.32],[-152.6,57.38],[-152.76,57.46],[-152.6,57.47],[-152.52,57.43],[-152.35,57.42],[-152.29,57.52],[-152.16,57.58],[-152.27,57.63],[-152.46,57.61],[-152.44,57.67],[-152.5,57.74],[-152.42,57.82]]],[[[-169.55,56.61],[-169.76,56.62],[-169.64,56.54],[-169.58,56.54],[-169.49,56.58],[-169.55,56.61]]],[[[-157.03,56.56],[-157.08,56.58],[-157.25,56.58],[-157.33,56.53],[-157.17,56.53],[-157.03,56.56]]],[[[-153.94,56.56],[-154.04,56.56],[-154.1,56.62],[-154.29,56.6],[-154.36,56.54],[-154.34,56.51],[-154.23,56.49],[-153.95,56.51],[-153.94,56.56]]],[[[-132.55,56.61],[-132.63,56.67],[-132.74,56.71],[-132.82,56.79],[-132.94,56.82],[-133,56.94],[-133.1,57.01],[-133.36,57.01],[-133.61,57.06],[-133.89,57.1],[-134.01,57.07],[-134.05,57.03],[-133.92,56.96],[-133.87,56.85],[-133.77,56.81],[-133.71,56.83],[-133.7,56.7],[-133.68,56.63],[-133.66,56.45],[-133.51,56.44],[-133.42,56.49],[-133.2,56.45],[-133.09,56.52],[-133.1,56.61],[-133.23,56.65],[-133.22,56.71],[-133.32,56.74],[-133.33,56.79],[-133.26,56.81],[-133.18,56.71],[-133.03,56.61],[-133.08,56.58],[-133.04,56.52],[-132.82,56.49],[-132.72,56.52],[-132.54,56.58],[-132.55,56.61]]],[[[-154.4,56.57],[-154.53,56.6],[-154.71,56.52],[-154.81,56.43],[-154.74,56.4],[-154.63,56.47],[-154.39,56.55],[-154.4,56.57]]],[[[-132.98,56.44],[-133.07,56.33],[-132.88,56.24],[-132.66,56.27],[-132.68,56.35],[-132.62,56.39],[-132.73,56.46],[-132.98,56.44]]],[[[-135.55,57.51],[-135.55,57.43],[-135.69,57.37],[-135.6,57.3],[-135.55,57.23],[-135.48,57.26],[-135.37,57.25],[-135.42,57.17],[-135.4,57.1],[-135.31,57.04],[-135.38,56.98],[-135.33,56.91],[-135.41,56.81],[-135.27,56.7],[-135.18,56.68],[-134.95,56.39],[-134.84,56.31],[-134.81,56.24],[-134.67,56.17],[-134.63,56.27],[-134.64,56.41],[-134.67,56.54],[-134.63,56.55],[-134.62,56.64],[-134.63,56.73],[-134.7,56.9],[-134.74,56.95],[-134.74,57.01],[-134.84,57.25],[-134.81,57.34],[-134.85,57.41],[-135.07,57.42],[-135.15,57.44],[-135.21,57.49],[-135.42,57.56],[-135.55,57.51]]],[[[-134.12,56.07],[-134.12,56.17],[-134.02,56.16],[-134.02,56.09],[-133.96,56.1],[-133.96,56.2],[-133.88,56.22],[-133.92,56.28],[-133.83,56.32],[-133.88,56.39],[-133.84,56.43],[-133.9,56.49],[-133.85,56.57],[-133.73,56.56],[-133.71,56.61],[-133.76,56.68],[-133.75,56.77],[-133.86,56.81],[-133.88,56.72],[-134.04,56.89],[-134.08,56.93],[-134.17,56.85],[-134.29,56.91],[-134.34,56.9],[-134.42,56.84],[-134.4,56.73],[-134.37,56.68],[-134.28,56.62],[-134.28,56.59],[-134.04,56.42],[-134.23,56.4],[-134.29,56.35],[-134.3,56.29],[-134.23,56.16],[-134.23,56.07],[-134.12,56.07]]],[[[-162.61,63.62],[-162.68,63.58],[-162.61,63.54],[-162.35,63.55],[-162.37,63.63],[-162.61,63.62]]],[[[-169.27,63.34],[-169.55,63.37],[-169.64,63.43],[-169.86,63.44],[-170.05,63.49],[-170.1,63.61],[-170.18,63.63],[-170.28,63.69],[-170.49,63.7],[-170.7,63.65],[-170.91,63.57],[-171.04,63.58],[-171.38,63.63],[-171.61,63.68],[-171.67,63.79],[-171.74,63.78],[-171.74,63.67],[-171.83,63.58],[-171.85,63.49],[-171.74,63.37],[-171.46,63.31],[-171.33,63.34],[-171.27,63.39],[-171.1,63.42],[-170.87,63.41],[-170.56,63.35],[-170.36,63.29],[-170.26,63.18],[-170.12,63.18],[-169.94,63.13],[-169.83,63.08],[-169.73,62.98],[-169.64,62.94],[-169.57,62.98],[-169.53,63.07],[-169.38,63.15],[-169.2,63.18],[-169.04,63.18],[-168.86,63.15],[-168.78,63.18],[-168.69,63.29],[-169,63.34],[-169.27,63.34]]],[[[-147.13,60.91],[-147.32,60.88],[-147.14,60.85],[-147.13,60.91]]],[[[-147.95,60.74],[-148.02,60.72],[-147.93,60.66],[-147.85,60.7],[-147.95,60.74]]],[[[-147.56,60.58],[-147.79,60.48],[-147.96,60.23],[-147.86,60.22],[-147.76,60.16],[-147.7,60.25],[-147.7,60.29],[-147.62,60.37],[-147.69,60.41],[-147.62,60.44],[-147.56,60.58]]],[[[-165.72,60.17],[-165.69,60.28],[-165.71,60.31],[-165.88,60.34],[-165.93,60.32],[-166.08,60.33],[-166.17,60.4],[-166.37,60.36],[-166.49,60.39],[-166.58,60.32],[-166.76,60.31],[-166.83,60.28],[-166.81,60.23],[-166.94,60.21],[-167.11,60.23],[-167.31,60.24],[-167.42,60.2],[-167.36,60.15],[-167.34,60.07],[-167.25,60.06],[-167.13,59.99],[-167,59.99],[-166.89,59.96],[-166.76,59.89],[-166.62,59.85],[-166.44,59.86],[-166.25,59.8],[-166.21,59.76],[-166.08,59.78],[-166.1,59.83],[-166.02,59.86],[-165.75,59.9],[-165.58,59.9],[-165.54,59.97],[-165.65,59.99],[-165.68,60.06],[-165.68,60.15],[-165.72,60.17]]],[[[-148.55,59.95],[-148.4,59.98],[-148.36,60.16],[-148.29,60.15],[-148.27,60.01],[-148.14,60.04],[-148.06,60.15],[-148,60.18],[-148.09,60.22],[-148.23,60.22],[-148.28,60.27],[-148.22,60.33],[-147.95,60.42],[-147.98,60.52],[-148.09,60.6],[-148.19,60.56],[-148.26,60.49],[-148.35,60.5],[-148.25,60.6],[-148.19,60.61],[-148.26,60.7],[-148.35,60.68],[-148.4,60.72],[-148.28,60.92],[-148.18,61],[-148.09,61.01],[-148,61.08],[-147.74,61.27],[-147.75,61.2],[-147.95,61.07],[-147.95,61.03],[-148.07,60.94],[-148.15,60.83],[-148.03,60.78],[-147.87,60.82],[-147.73,60.82],[-147.79,60.87],[-147.55,60.91],[-147.38,60.88],[-147.14,60.98],[-146.97,60.93],[-146.86,60.98],[-146.78,61.04],[-146.69,61.06],[-146.61,61.12],[-146.29,61.12],[-146.26,61.09],[-146.61,61.09],[-146.75,60.96],[-146.76,60.88],[-146.72,60.81],[-146.62,60.87],[-146.52,60.78],[-146.7,60.73],[-146.67,60.69],[-146.5,60.68],[-146.23,60.74],[-146.14,60.71],[-146.27,60.65],[-146.15,60.63],[-146.02,60.67],[-145.86,60.61],[-145.66,60.66],[-145.71,60.58],[-145.8,60.52],[-145.91,60.49],[-145.85,60.45],[-145.74,60.47],[-145.59,60.45],[-145.51,60.39],[-145.34,60.34],[-145.22,60.37],[-145.18,60.41],[-145.01,60.45],[-144.83,60.44],[-144.91,60.36],[-144.94,60.29],[-144.78,60.29],[-144.67,60.24],[-144.65,60.2],[-144.44,60.16],[-144.25,60.18],[-144.25,60.13],[-144.11,60.1],[-144.04,60.02],[-143.9,59.99],[-143.7,60.03],[-143.41,60.05],[-143.07,60.07],[-142.91,60.09],[-142.54,60.08],[-142.13,60.03],[-141.91,60.01],[-141.74,59.96],[-141.6,59.96],[-141.4,60.01],[-141.33,60.05],[-141.27,60],[-141.3,59.94],[-141.39,59.93],[-141.42,59.88],[-141.16,59.81],[-140.93,59.75],[-140.72,59.72],[-140.29,59.7],[-140.18,59.74],[-139.81,59.83],[-139.71,59.93],[-139.61,59.96],[-139.56,60.04],[-139.49,60],[-139.53,59.94],[-139.63,59.87],[-139.58,59.77],[-139.48,59.71],[-139.59,59.64],[-139.59,59.61],[-139.76,59.55],[-139.75,59.5],[-139.42,59.38],[-138.92,59.25],[-138.64,59.13],[-138.3,59.06],[-138.07,58.96],[-137.93,58.87],[-137.93,58.78],[-137.69,58.66],[-137.68,58.62],[-137.5,58.56],[-137.08,58.38],[-136.95,58.39],[-136.86,58.32],[-136.73,58.29],[-136.7,58.22],[-136.59,58.22],[-136.59,58.3],[-136.54,58.32],[-136.39,58.3],[-136.34,58.38],[-136.27,58.31],[-136.11,58.34],[-136.04,58.38],[-136.09,58.51],[-136.2,58.61],[-136.39,58.72],[-136.46,58.78],[-136.58,58.84],[-136.74,58.88],[-136.93,58.9],[-136.88,58.96],[-136.67,58.89],[-136.57,58.96],[-136.53,58.93],[-136.49,58.84],[-136.25,58.75],[-136.15,58.76],[-136.09,58.82],[-136.01,58.71],[-135.88,58.59],[-135.93,58.58],[-135.9,58.45],[-135.91,58.38],[-135.69,58.39],[-135.62,58.43],[-135.4,58.33],[-135.28,58.23],[-135.09,58.2],[-135.1,58.29],[-135.05,58.31],[-135.09,58.42],[-135.19,58.58],[-135.14,58.62],[-135.23,58.74],[-135.39,58.97],[-135.38,59.1],[-135.3,59.1],[-135.36,59.21],[-135.43,59.23],[-135.4,59.29],[-135.28,59.19],[-135.18,59],[-135.14,58.83],[-135.03,58.73],[-134.94,58.78],[-134.94,58.61],[-134.79,58.49],[-134.76,58.4],[-134.65,58.38],[-134.61,58.33],[-134.68,58.29],[-134.63,58.25],[-134.29,58.19],[-134.15,58.2],[-134.05,58.06],[-133.85,57.94],[-133.71,57.79],[-133.56,57.78],[-133.32,57.67],[-133.52,57.68],[-133.65,57.71],[-133.68,57.63],[-133.62,57.58],[-133.51,57.58],[-133.53,57.49],[-133.45,57.36],[-133.28,57.33],[-133.25,57.29],[-133.43,57.29],[-133.53,57.26],[-133.52,57.18],[-133.32,57.11],[-133.22,57.14],[-133.19,57.09],[-132.87,57.04],[-132.93,56.99],[-132.77,56.84],[-132.56,56.76],[-132.44,56.82],[-132.37,56.82],[-132.54,56.71],[-132.45,56.67],[-132.3,56.68],[-132.28,56.64],[-132.36,56.6],[-132.38,56.44],[-132.34,56.34],[-132.44,56.35],[-132.53,56.34],[-132.6,56.24],[-132.72,56.22],[-132.71,56.11],[-132.62,56.06],[-132.52,56.07],[-132.45,55.98],[-132.32,55.89],[-132.28,55.92],[-132.16,55.92],[-132.13,55.96],[-132.18,56.07],[-131.97,56.17],[-131.98,55.97],[-132.07,55.93],[-132.08,55.81],[-132.18,55.8],[-132.22,55.7],[-132.18,55.59],[-131.99,55.5],[-131.83,55.67],[-131.77,55.81],[-131.91,55.87],[-131.78,55.88],[-131.63,55.93],[-131.55,55.83],[-131.71,55.84],[-131.63,55.78],[-131.72,55.75],[-131.73,55.64],[-131.65,55.59],[-131.72,55.52],[-131.84,55.45],[-131.7,55.35],[-131.55,55.29],[-131.35,55.26],[-131.26,55.32],[-131.29,55.38],[-131.2,55.39],[-131.23,55.3],[-131.3,55.24],[-131.16,55.2],[-131.07,55.26],[-131.03,55.38],[-130.97,55.39],[-130.99,55.47],[-130.98,55.57],[-130.93,55.58],[-130.97,55.69],[-131.04,55.76],[-131.07,55.83],[-131.29,55.99],[-131.23,56.01],[-130.94,55.75],[-130.9,55.7],[-130.87,55.54],[-130.92,55.43],[-130.88,55.36],[-130.99,55.25],[-131.09,55.19],[-131.07,55.12],[-130.98,55.07],[-131.01,55],[-130.95,54.96],[-130.95,54.83],[-130.84,54.77],[-130.74,54.8],[-130.7,54.72],[-130.34,54.92],[-130.19,55.06],[-130.1,55.2],[-129.98,55.28],[-130.02,55.34],[-130.04,55.45],[-130.13,55.58],[-130.11,55.68],[-130.15,55.77],[-130.08,55.82],[-130.03,55.92],[-130.02,56.02],[-130.1,56.12],[-130.25,56.1],[-130.43,56.14],[-130.47,56.24],[-130.62,56.27],[-130.78,56.37],[-131.09,56.41],[-131.17,56.45],[-131.46,56.55],[-131.58,56.61],[-131.84,56.6],[-131.86,56.7],[-131.9,56.75],[-131.87,56.8],[-131.93,56.84],[-132.08,56.85],[-132.13,56.87],[-132.05,57.05],[-132.23,57.06],[-132.37,57.1],[-132.25,57.22],[-132.37,57.35],[-132.56,57.5],[-132.66,57.62],[-132.76,57.71],[-132.87,57.84],[-133.08,58],[-133.18,58.15],[-133.34,58.27],[-133.46,58.39],[-133.38,58.43],[-133.7,58.61],[-133.84,58.73],[-134.25,58.86],[-134.4,58.98],[-134.38,59.03],[-134.48,59.13],[-134.57,59.13],[-134.68,59.19],[-134.7,59.25],[-134.96,59.28],[-135.03,59.35],[-135.07,59.42],[-135.03,59.47],[-135.03,59.56],[-135.15,59.63],[-135.25,59.7],[-135.48,59.8],[-135.95,59.66],[-136.26,59.62],[-136.23,59.52],[-136.3,59.46],[-136.47,59.46],[-136.47,59.28],[-136.58,59.16],[-136.83,59.16],[-136.86,59.14],[-137.26,59],[-137.45,58.91],[-137.53,58.91],[-137.5,58.99],[-137.6,59.24],[-138.62,59.77],[-138.7,59.91],[-139.03,59.99],[-139.2,60.09],[-139.08,60.32],[-139.09,60.36],[-139.7,60.34],[-139.99,60.19],[-140.47,60.31],[-140.54,60.22],[-141,60.31],[-141,61.68],[-141,62.12],[-141,65.84],[-141,68.5],[-141,69.65],[-141.21,69.68],[-141.26,69.63],[-141.38,69.63],[-141.43,69.7],[-141.71,69.79],[-142.08,69.86],[-142.75,70.04],[-143.26,70.12],[-143.5,70.09],[-143.5,70.14],[-143.91,70.13],[-144.08,70.06],[-144.46,70.03],[-144.62,69.97],[-144.86,69.97],[-145.2,69.99],[-145.62,70.08],[-145.79,70.15],[-146.1,70.15],[-146.27,70.18],[-146.51,70.19],[-146.73,70.18],[-146.89,70.19],[-146.99,70.15],[-147.16,70.16],[-147.25,70.2],[-147.4,70.19],[-147.68,70.2],[-147.82,70.28],[-147.96,70.31],[-148.2,70.35],[-148.35,70.3],[-148.61,70.42],[-148.79,70.4],[-148.96,70.42],[-149.18,70.49],[-149.87,70.51],[-150.11,70.43],[-150.35,70.44],[-150.36,70.49],[-150.76,70.5],[-150.83,70.46],[-151.18,70.43],[-151.19,70.38],[-151.55,70.44],[-151.88,70.43],[-151.92,70.47],[-151.73,70.5],[-151.82,70.55],[-152.42,70.61],[-152.47,70.69],[-152.38,70.71],[-152.26,70.84],[-152.59,70.89],[-152.77,70.89],[-153.24,70.92],[-153.43,70.89],[-153.89,70.89],[-154,70.82],[-154.18,70.77],[-154.35,70.83],[-154.52,70.82],[-154.65,70.87],[-154.57,70.99],[-154.78,71.08],[-155.03,71.15],[-155.26,71.08],[-155.18,71.03],[-155.34,71],[-155.48,70.94],[-155.5,70.86],[-155.64,70.82],[-155.88,70.83],[-156.01,70.9],[-155.98,70.96],[-155.83,70.97],[-155.55,71.06],[-155.51,71.1],[-155.59,71.17],[-155.76,71.19],[-155.96,71.19],[-156.07,71.24],[-156.36,71.26],[-156.53,71.3],[-156.57,71.35],[-156.81,71.29],[-157.25,71.05],[-157.5,70.95],[-157.77,70.88],[-158.03,70.83],[-158.39,70.8],[-158.66,70.79],[-158.98,70.8],[-159,70.76],[-159.3,70.76],[-159.33,70.81],[-159.16,70.82],[-159.21,70.87],[-159.65,70.79],[-160.06,70.63],[-160.21,70.56],[-160.73,70.37],[-161.02,70.33],[-161.25,70.26],[-161.63,70.24],[-161.69,70.27],[-161.92,70.29],[-162.02,70.22],[-162.31,70.11],[-162.48,69.98],[-162.84,69.81],[-163.01,69.76],[-162.92,69.7],[-163.04,69.67],[-163.12,69.59],[-163.02,69.54],[-163.11,69.38],[-163.23,69.28],[-163.3,69.27],[-163.54,69.14],[-163.97,68.99],[-164.25,68.93],[-164.66,68.91],[-165.33,68.86],[-165.67,68.86],[-166.21,68.88],[-166.19,68.78],[-166.23,68.56],[-166.31,68.46],[-166.38,68.42],[-166.71,68.37],[-166.57,68.33],[-166.35,68.3],[-166.11,68.24],[-165.96,68.14],[-165.89,68.11],[-165.49,68.06],[-165.24,68],[-165.19,67.97],[-164.53,67.73],[-164.21,67.64],[-164.08,67.59],[-163.88,67.42],[-163.76,67.26],[-163.74,67.13],[-163.58,67.09],[-163.1,67.04],[-162.85,67.03],[-162.7,67.06],[-162.64,67.01],[-162.47,67.03],[-162.45,66.99],[-162.24,66.99],[-162.12,67.03],[-161.81,67.05],[-161.49,66.96],[-161.57,66.93],[-161.67,66.96],[-161.79,66.88],[-161.85,66.81],[-161.87,66.7],[-161.69,66.62],[-161.53,66.58],[-161.45,66.52],[-161.33,66.48],[-161.57,66.44],[-161.92,66.55],[-162.07,66.65],[-162.08,66.69],[-162.01,66.76],[-162.23,66.87],[-162.31,66.94],[-162.49,66.94],[-162.6,66.9],[-162.62,66.85],[-162.5,66.74],[-162.27,66.72],[-162.18,66.69],[-162.1,66.61],[-161.87,66.51],[-161.86,66.44],[-161.91,66.34],[-161.69,66.4],[-161.53,66.4],[-161.13,66.34],[-161,66.25],[-161.2,66.21],[-161.34,66.26],[-161.55,66.24],[-161.68,66.11],[-161.84,66.02],[-162.12,66.07],[-162.39,66.03],[-162.46,66.06],[-162.62,66.04],[-162.75,66.09],[-163.17,66.06],[-163.34,66.08],[-163.5,66.09],[-163.62,66.06],[-163.77,66.06],[-163.92,66.19],[-163.83,66.27],[-163.87,66.39],[-163.76,66.45],[-163.75,66.55],[-164.09,66.59],[-164.4,66.58],[-164.71,66.54],[-165.41,66.42],[-165.81,66.33],[-166.83,66.05],[-167.31,65.89],[-167.54,65.82],[-167.98,65.73],[-168.1,65.69],[-168.13,65.63],[-168.08,65.58],[-167.91,65.55],[-167.71,65.5],[-167.47,65.41],[-167.4,65.4],[-167.03,65.38],[-166.8,65.34],[-166.49,65.33],[-166.35,65.28],[-166.48,65.22],[-166.46,65.18],[-166.64,65.11],[-166.86,65.09],[-166.7,65.04],[-166.69,64.99],[-166.53,64.94],[-166.42,64.87],[-166.48,64.8],[-166.48,64.73],[-166.39,64.64],[-166.24,64.58],[-165.41,64.5],[-165.02,64.43],[-164.81,64.45],[-164.42,64.55],[-164.15,64.56],[-163.97,64.55],[-163.83,64.57],[-163.6,64.56],[-163.45,64.53],[-163.25,64.47],[-163.18,64.4],[-163.11,64.41],[-163.03,64.48],[-163.31,64.59],[-163.17,64.64],[-163.12,64.6],[-162.86,64.5],[-162.81,64.35],[-162.63,64.39],[-162.61,64.47],[-162.54,64.53],[-162.23,64.62],[-162.17,64.68],[-161.88,64.71],[-161.67,64.79],[-161.52,64.75],[-161.38,64.77],[-161.29,64.85],[-161.21,64.88],[-161.08,64.87],[-160.94,64.82],[-160.78,64.72],[-160.8,64.61],[-160.94,64.55],[-161.08,64.54],[-161.08,64.49],[-161.23,64.5],[-161.39,64.53],[-161.47,64.51],[-161.5,64.42],[-161.41,64.42],[-161.23,64.37],[-160.98,64.24],[-160.95,64.09],[-160.89,63.99],[-160.77,63.84],[-160.77,63.77],[-160.9,63.66],[-161.1,63.55],[-161.14,63.5],[-161.31,63.47],[-161.53,63.45],[-161.68,63.47],[-161.84,63.45],[-162.03,63.45],[-162.04,63.49],[-162.25,63.54],[-162.27,63.49],[-162.42,63.41],[-162.44,63.38],[-162.66,63.23],[-162.82,63.21],[-162.84,63.15],[-163.04,63.06],[-163.32,63.04],[-163.51,63.11],[-163.62,63.14],[-163.73,63.21],[-163.89,63.22],[-164.04,63.26],[-164.14,63.26],[-164.42,63.21],[-164.63,63.1],[-164.58,63.06],[-164.72,63.01],[-164.78,62.95],[-164.88,62.78],[-164.82,62.64],[-164.77,62.59],[-165.05,62.54],[-165.27,62.43],[-165.31,62.38],[-165.67,62.14],[-165.73,62.08],[-165.76,62.01],[-165.7,61.92],[-165.61,61.87],[-165.76,61.83],[-165.96,61.83],[-166.09,61.8],[-166.01,61.73],[-165.81,61.67],[-166.14,61.63],[-166.18,61.59],[-166.08,61.53],[-165.91,61.56],[-165.75,61.5],[-165.77,61.46],[-165.92,61.42],[-165.88,61.34],[-165.62,61.28],[-165.63,61.22],[-165.59,61.11],[-165.4,61.07],[-165.29,61.18],[-165.17,61.15],[-165.12,61.08],[-165,61.06],[-165.02,61.01],[-165.12,61.02],[-165.19,60.98],[-165.17,60.94],[-165.03,60.9],[-165.03,60.76],[-164.97,60.71],[-165.06,60.69],[-165.27,60.58],[-165.38,60.58],[-165.36,60.51],[-165.19,60.5],[-165.06,60.54],[-164.96,60.51],[-165.13,60.43],[-164.96,60.34],[-164.85,60.3],[-164.7,60.3],[-164.63,60.24],[-164.52,60.2],[-164.39,60.08],[-164.19,60.02],[-164.13,59.96],[-164.21,59.95],[-164.12,59.84],[-163.93,59.8],[-163.77,59.8],[-163.56,59.8],[-163.17,59.85],[-162.97,59.91],[-162.76,59.96],[-162.5,60],[-162.49,60.11],[-162.45,60.2],[-162.55,60.22],[-162.53,60.31],[-162.36,60.24],[-162.37,60.18],[-162.32,60.11],[-162.23,60.06],[-162.17,59.98],[-162.1,59.94],[-162.09,59.88],[-161.91,59.74],[-161.85,59.65],[-161.7,59.49],[-161.96,59.36],[-162.05,59.25],[-161.98,59.15],[-161.84,59.05],[-161.76,58.83],[-161.77,58.77],[-161.94,58.66],[-161.99,58.69],[-162.17,58.65],[-162.07,58.62],[-161.88,58.63],[-161.68,58.56],[-161.63,58.6],[-161.37,58.67],[-161.34,58.74],[-161,58.85],[-160.87,58.88],[-160.83,58.85],[-160.64,58.96],[-160.36,59.06],[-160.26,58.99],[-160.32,58.96],[-160.25,58.9],[-160.16,58.91],[-160.06,58.88],[-159.91,58.77],[-159.76,58.83],[-159.72,58.92],[-159.66,58.94],[-159.59,58.9],[-159.64,58.85],[-159.5,58.82],[-159.39,58.76],[-159.24,58.62],[-159.06,58.42],[-158.9,58.39],[-158.8,58.41],[-158.7,58.48],[-158.83,58.63],[-158.87,58.72],[-158.8,58.73],[-158.77,58.86],[-158.62,58.91],[-158.49,59],[-158.52,58.86],[-158.56,58.8],[-158.42,58.77],[-158.35,58.73],[-158.33,58.67],[-158.23,58.62],[-158.14,58.62],[-157.86,58.68],[-157.7,58.73],[-157.55,58.75],[-157.28,58.84],[-157.12,58.87],[-157.04,58.91],[-157.01,58.82],[-157.08,58.71],[-157.28,58.6],[-157.36,58.53],[-157.45,58.51],[-157.54,58.39],[-157.55,58.28],[-157.4,58.17],[-157.53,58.16],[-157.58,58.12],[-157.64,57.87],[-157.7,57.72],[-157.69,57.61],[-157.61,57.61],[-157.57,57.51],[-157.65,57.5],[-157.7,57.56],[-157.93,57.48],[-158.01,57.4],[-158.38,57.27],[-158.64,57.06],[-158.7,56.93],[-158.64,56.81],[-158.66,56.79],[-158.85,56.79],[-158.96,56.85],[-159.02,56.82],[-159.26,56.72],[-159.32,56.67],[-159.53,56.63],[-159.83,56.54],[-159.94,56.47],[-160.08,56.41],[-160.15,56.4],[-160.36,56.28],[-160.45,56.13],[-160.57,56],[-160.54,55.94],[-160.25,55.85],[-160.32,55.82],[-160.46,55.8],[-160.49,55.86],[-160.64,55.86],[-160.77,55.88],[-160.76,55.79],[-160.81,55.74],[-160.93,55.81],[-160.95,55.85],[-161.08,55.94],[-161.21,55.95],[-161.29,55.98],[-161.59,55.94],[-161.82,55.89],[-161.97,55.8],[-162.06,55.79],[-162.15,55.73],[-162.26,55.69],[-162.34,55.62],[-162.57,55.47],[-162.51,55.45],[-162.51,55.38],[-162.57,55.35],[-162.65,55.36],[-162.7,55.32],[-162.88,55.27],[-162.84,55.22],[-162.96,55.17],[-163.11,55.18],[-163.3,55.12],[-163.29,54.97],[-163.4,54.9],[-163.44,54.97],[-163.53,55.02],[-163.53,55.05],[-163.77,55.06],[-163.89,55.04],[-164.03,54.97],[-164.16,54.95],[-164.34,54.89],[-164.43,54.93],[-164.55,54.89],[-164.56,54.85],[-164.71,54.66],[-164.92,54.61],[-164.95,54.58],[-164.84,54.42],[-164.64,54.39],[-164.46,54.42],[-164.35,54.47],[-164.33,54.53],[-164.23,54.59],[-164.08,54.62],[-163.75,54.64],[-163.59,54.61],[-163.49,54.66],[-163.42,54.66],[-163.43,54.71],[-163.34,54.75],[-163.28,54.7],[-163.09,54.69],[-163.1,54.72],[-163.18,54.77],[-163.32,54.75],[-163.37,54.8],[-163.21,54.85],[-163.04,54.94],[-163.05,54.97],[-163.23,55.04],[-163.19,55.09],[-163.08,55.11],[-163,55.08],[-162.97,55],[-162.91,54.95],[-162.77,54.93],[-162.65,55],[-162.57,55.02],[-162.62,55.1],[-162.58,55.14],[-162.64,55.2],[-162.72,55.22],[-162.66,55.29],[-162.51,55.25],[-162.46,55.13],[-162.52,55.12],[-162.47,55.05],[-162.22,55.03],[-162.22,55.1],[-162.18,55.15],[-162.05,55.07],[-161.96,55.11],[-161.97,55.15],[-162.05,55.23],[-161.88,55.25],[-161.69,55.41],[-161.7,55.52],[-161.59,55.62],[-161.42,55.63],[-161.36,55.61],[-161.47,55.5],[-161.51,55.36],[-161.36,55.38],[-161.23,55.36],[-161.01,55.43],[-160.94,55.51],[-160.87,55.53],[-160.78,55.45],[-160.67,55.46],[-160.67,55.54],[-160.58,55.56],[-160.54,55.47],[-160.46,55.51],[-160.39,55.6],[-160.41,55.67],[-160.28,55.64],[-160.16,55.66],[-160.13,55.71],[-160.02,55.72],[-160.05,55.77],[-159.96,55.81],[-159.89,55.79],[-159.81,55.86],[-159.64,55.83],[-159.67,55.75],[-159.64,55.62],[-159.53,55.67],[-159.55,55.7],[-159.49,55.77],[-159.5,55.86],[-159.4,55.85],[-159.28,55.89],[-158.91,55.93],[-158.85,56],[-158.74,55.95],[-158.65,55.96],[-158.6,56.05],[-158.41,56.01],[-158.48,56.09],[-158.25,56.2],[-158.33,56.23],[-158.22,56.27],[-158.32,56.33],[-158.49,56.34],[-158.5,56.38],[-158.4,56.46],[-158.33,56.48],[-158.13,56.46],[-158.13,56.52],[-158.03,56.51],[-157.89,56.48],[-157.82,56.5],[-157.84,56.56],[-157.91,56.57],[-158.12,56.53],[-158.03,56.6],[-157.91,56.64],[-157.74,56.68],[-157.67,56.61],[-157.47,56.62],[-157.48,56.67],[-157.56,56.7],[-157.52,56.76],[-157.41,56.77],[-157.47,56.83],[-157.38,56.86],[-157.2,56.77],[-157.14,56.79],[-157.01,56.9],[-156.89,56.95],[-156.8,56.91],[-156.76,57.03],[-156.56,56.98],[-156.54,57.05],[-156.44,57.09],[-156.44,57.13],[-156.33,57.18],[-156.34,57.34],[-156.51,57.28],[-156.48,57.34],[-156.34,57.42],[-156.14,57.47],[-156.02,57.44],[-156.04,57.56],[-155.97,57.54],[-155.73,57.55],[-155.72,57.63],[-155.59,57.66],[-155.64,57.72],[-155.62,57.77],[-155.55,57.79],[-155.38,57.71],[-155.31,57.72],[-155.33,57.83],[-155.24,57.83],[-155.1,57.87],[-155.03,58],[-154.89,58.03],[-154.77,58],[-154.72,58.06],[-154.58,58.02],[-154.53,58.07],[-154.34,58.09],[-154.25,58.19],[-154.14,58.22],[-154.18,58.32],[-154,58.38],[-154.07,58.44],[-154.06,58.49],[-153.96,58.49],[-153.89,58.57],[-153.9,58.61],[-153.68,58.61],[-153.59,58.64],[-153.55,58.69],[-153.4,58.74],[-153.34,58.85],[-153.33,58.92],[-153.48,59],[-153.62,59.01],[-153.7,59.07],[-153.85,59.05],[-154.06,59.07],[-154.17,59.1],[-154.21,59.15],[-154.13,59.21],[-154.1,59.34],[-154.04,59.39],[-153.73,59.44],[-153.7,59.46],[-153.76,59.54],[-153.59,59.55],[-153.54,59.63],[-153.48,59.64],[-153.34,59.62],[-153.21,59.63],[-153.05,59.69],[-152.99,59.79],[-153.02,59.83],[-153.29,59.82],[-153.21,59.86],[-153,59.89],[-152.81,59.88],[-152.71,59.92],[-152.57,60.07],[-152.69,60.14],[-152.75,60.21],[-152.62,60.22],[-152.39,60.3],[-152.37,60.35],[-152.23,60.39],[-152.33,60.44],[-152.31,60.51],[-152.2,60.57],[-152.1,60.59],[-152.02,60.67],[-151.85,60.73],[-151.7,60.73],[-151.8,60.85],[-151.62,60.96],[-151.48,61.01],[-151.36,61.01],[-151.17,61.05],[-151.02,61.18],[-150.71,61.25],[-150.65,61.3],[-150.47,61.24],[-150.2,61.26],[-149.99,61.24],[-149.92,61.26],[-149.88,61.38],[-149.73,61.45],[-149.54,61.49],[-149.43,61.45],[-149.7,61.39],[-149.73,61.33],[-149.81,61.32],[-149.92,61.21],[-150.01,61.2],[-150.08,61.16],[-149.86,61.08],[-149.75,61.02],[-149.6,60.98],[-149.51,60.98],[-149.36,60.92],[-149.35,60.9],[-149.7,60.96],[-149.85,60.97],[-150.04,60.92],[-150.19,60.92],[-150.26,60.95],[-150.38,61.04],[-150.71,60.94],[-151.06,60.79],[-151.21,60.78],[-151.41,60.72],[-151.32,60.57],[-151.26,60.54],[-151.3,60.39],[-151.38,60.36],[-151.39,60.27],[-151.42,60.21],[-151.7,60.03],[-151.76,59.92],[-151.87,59.78],[-151.83,59.72],[-151.64,59.65],[-151.5,59.63],[-151.33,59.68],[-151.11,59.78],[-150.98,59.78],[-151.2,59.65],[-151.2,59.59],[-151.27,59.56],[-151.42,59.54],[-151.47,59.47],[-151.63,59.48],[-151.89,59.42],[-151.9,59.36],[-151.99,59.31],[-151.98,59.25],[-151.84,59.21],[-151.75,59.16],[-151.59,59.16],[-151.57,59.2],[-151.44,59.25],[-151.31,59.21],[-151.16,59.2],[-151.1,59.26],[-150.94,59.23],[-150.89,59.27],[-150.91,59.31],[-150.77,59.37],[-150.74,59.43],[-150.58,59.45],[-150.56,59.53],[-150.43,59.4],[-150.3,59.42],[-150.31,59.48],[-150.19,59.55],[-150.11,59.57],[-150.09,59.64],[-150,59.63],[-149.92,59.69],[-149.79,59.66],[-149.73,59.69],[-149.75,59.79],[-149.81,59.83],[-149.66,59.9],[-149.64,59.74],[-149.53,59.7],[-149.54,59.78],[-149.62,59.82],[-149.56,59.91],[-149.46,59.92],[-149.4,60],[-149.44,60.03],[-149.43,60.11],[-149.34,60.08],[-149.3,59.93],[-149.24,59.91],[-149.2,60.01],[-148.88,59.93],[-148.79,59.96],[-148.64,59.92],[-148.55,59.95]]],[[[-174.3,52.28],[-174.25,52.24],[-174.41,52.18],[-174.53,52.17],[-174.66,52.11],[-174.84,52.09],[-175.04,52.06],[-175.13,52.06],[-175.29,52.02],[-175.1,52],[-174.97,52.04],[-174.78,52.03],[-174.74,52.01],[-174.45,52.06],[-174.41,52.05],[-174.33,52.12],[-174.22,52.1],[-174.14,52.13],[-174.14,52.17],[-174.18,52.23],[-174.06,52.23],[-173.99,52.3],[-174.07,52.39],[-174.19,52.42],[-174.32,52.38],[-174.3,52.28]]],[[[-176.02,52.02],[-176.06,52.11],[-176.14,52.12],[-176.21,52.07],[-176.18,52],[-176.08,51.97],[-176.02,52.02]]],[[[178.45,51.98],[178.5,51.9],[178.59,51.95],[178.55,51.97],[178.45,51.98]]],[[[179.76,51.95],[179.77,51.97],[179.66,52.02],[179.48,51.98],[179.48,51.94],[179.52,51.9],[179.61,51.87],[179.73,51.91],[179.76,51.95]]],[[[177.6,52.02],[177.68,52.09],[177.56,52.12],[177.5,51.99],[177.35,51.96],[177.29,51.92],[177.2,51.89],[177.29,51.85],[177.41,51.93],[177.56,51.92],[177.54,51.98],[177.6,52.02]]],[[[-175.97,51.89],[-176.07,51.9],[-176.08,51.86],[-176.22,51.87],[-176.24,51.83],[-176.14,51.8],[-175.97,51.89]]],[[[-178.79,51.75],[-178.75,51.81],[-178.81,51.84],[-178.87,51.78],[-178.79,51.75]]],[[[-177.36,51.73],[-177.26,51.68],[-177.12,51.73],[-177.14,51.81],[-177.05,51.9],[-177.1,51.94],[-177.2,51.92],[-177.21,51.81],[-177.36,51.73]]],[[[-177.8,51.78],[-177.92,51.85],[-177.95,51.92],[-178.12,51.92],[-178.2,51.91],[-178.22,51.86],[-178.04,51.78],[-177.97,51.78],[-177.96,51.72],[-178.1,51.7],[-178,51.64],[-177.86,51.68],[-177.8,51.78]]],[[[-176.76,51.87],[-176.79,51.82],[-176.9,51.81],[-176.87,51.73],[-176.98,51.66],[-176.93,51.59],[-176.86,51.68],[-176.75,51.64],[-176.71,51.68],[-176.58,51.69],[-176.52,51.76],[-176.34,51.73],[-176.29,51.74],[-176.27,51.82],[-176.29,51.87],[-176.58,51.84],[-176.55,51.99],[-176.74,51.97],[-176.81,51.93],[-176.76,51.87]]],[[[178.79,51.63],[178.65,51.66],[178.63,51.62],[178.79,51.57],[178.84,51.58],[178.95,51.54],[179.06,51.45],[179.26,51.36],[179.37,51.37],[179.39,51.4],[179.23,51.41],[179.19,51.46],[179.08,51.5],[178.9,51.61],[178.79,51.63]]],[[[-152.24,58.24],[-152.19,58.17],[-152.08,58.15],[-151.99,58.21],[-151.96,58.27],[-152.08,58.31],[-152.09,58.37],[-152.2,58.36],[-152.28,58.42],[-152.36,58.36],[-152.49,58.35],[-152.51,58.43],[-152.34,58.59],[-152.35,58.64],[-152.5,58.59],[-152.57,58.62],[-152.67,58.56],[-152.65,58.51],[-152.84,58.37],[-153.04,58.31],[-153.22,58.16],[-153.32,58.14],[-153.41,58.07],[-152.98,57.98],[-152.8,57.99],[-152.77,58.05],[-152.66,58.06],[-152.6,58.18],[-152.48,58.13],[-152.34,58.12],[-152.27,58.14],[-152.31,58.22],[-152.24,58.24]]],[[[-147.48,60.62],[-147.35,60.63],[-147.31,60.66],[-147.45,60.7],[-147.48,60.62]]],[[[-148.16,60.62],[-148.09,60.66],[-148.11,60.74],[-148.2,60.76],[-148.24,60.7],[-148.16,60.62]]],[[[-146.22,60.45],[-146.11,60.47],[-145.83,60.55],[-145.95,60.58],[-146.16,60.53],[-146.29,60.52],[-146.33,60.46],[-146.22,60.45]]],[[[-152.08,60.34],[-151.96,60.37],[-151.94,60.43],[-151.84,60.49],[-151.95,60.51],[-152.01,60.38],[-152.08,60.34]]],[[[-172.29,60.3],[-172.23,60.32],[-172.38,60.38],[-172.55,60.39],[-172.78,60.46],[-172.9,60.53],[-172.95,60.61],[-173.04,60.55],[-173.04,60.49],[-172.95,60.48],[-172.72,60.36],[-172.6,60.32],[-172.37,60.33],[-172.29,60.3]]],[[[-148.08,60.27],[-147.99,60.35],[-148.09,60.36],[-148.15,60.32],[-148.08,60.27]]],[[[-146.63,60.24],[-146.46,60.31],[-146.15,60.38],[-146.13,60.43],[-146.35,60.41],[-146.36,60.48],[-146.46,60.47],[-146.53,60.49],[-146.64,60.47],[-146.72,60.4],[-146.72,60.35],[-146.57,60.32],[-146.69,60.28],[-146.63,60.24]]],[[[-133.37,55.45],[-133.29,55.5],[-133.34,55.57],[-133.45,55.53],[-133.37,55.45]]],[[[-133.82,55.44],[-133.74,55.47],[-133.67,55.44],[-133.59,55.53],[-133.73,55.56],[-133.82,55.44]]],[[[-133.54,55.43],[-133.45,55.44],[-133.46,55.5],[-133.62,55.46],[-133.54,55.43]]],[[[-160.34,55.25],[-160.31,55.3],[-160.33,55.36],[-160.52,55.31],[-160.39,55.29],[-160.34,55.25]]],[[[-133.61,55.24],[-133.57,55.32],[-133.46,55.41],[-133.56,55.41],[-133.69,55.3],[-133.61,55.24]]],[[[-133.34,55.21],[-133.25,55.22],[-133.23,55.27],[-133.33,55.34],[-133.46,55.32],[-133.47,55.24],[-133.34,55.21]]],[[[-161.63,55.2],[-161.56,55.21],[-161.54,55.26],[-161.68,55.23],[-161.63,55.2]]],[[[-148.12,59.99],[-148.04,60.06],[-147.89,60.1],[-147.95,60.14],[-148.04,60.11],[-148.14,60.01],[-148.12,59.99]]],[[[-148.04,59.94],[-147.9,59.97],[-147.81,60.06],[-147.85,60.08],[-148.03,59.98],[-148.04,59.94]]],[[[-144.59,59.8],[-144.31,59.95],[-144.32,59.99],[-144.57,59.85],[-144.59,59.8]]],[[[-147.86,59.76],[-147.66,59.81],[-147.6,59.85],[-147.45,59.87],[-147.49,59.94],[-147.42,59.96],[-147.36,60.04],[-147.21,60.14],[-146.96,60.25],[-146.93,60.31],[-147,60.33],[-147.21,60.34],[-147.21,60.25],[-147.32,60.21],[-147.39,60.13],[-147.59,60.02],[-147.7,59.99],[-147.88,59.87],[-147.92,59.78],[-147.86,59.76]]],[[[-153.52,59.32],[-153.37,59.34],[-153.39,59.41],[-153.56,59.39],[-153.52,59.32]]],[[[-150.72,59.29],[-150.61,59.39],[-150.7,59.39],[-150.77,59.31],[-150.72,59.29]]],[[[-161.08,58.55],[-160.96,58.55],[-160.88,58.58],[-160.85,58.63],[-160.68,58.82],[-160.84,58.75],[-160.92,58.75],[-161.06,58.7],[-161.08,58.55]]],[[[-151.86,58.17],[-151.79,58.25],[-151.86,58.26],[-151.86,58.17]]],[[[-132.73,54.67],[-132.7,54.73],[-132.75,54.82],[-132.9,54.91],[-132.96,55.02],[-133.03,55.07],[-133.01,55.12],[-133.14,55.26],[-133.22,55.24],[-133.24,55.16],[-133.2,55.12],[-133.16,54.95],[-133.13,54.95],[-132.97,54.8],[-132.88,54.75],[-132.88,54.71],[-132.73,54.67]]],[[[-132.64,54.75],[-132.66,54.83],[-132.64,54.9],[-132.72,54.94],[-132.82,54.92],[-132.81,54.87],[-132.74,54.84],[-132.64,54.75]]],[[[-154.15,56.68],[-154.02,56.69],[-154.05,56.73],[-154.15,56.68]]],[[[-132.49,56.6],[-132.34,56.64],[-132.53,56.69],[-132.57,56.63],[-132.49,56.6]]],[[[-132.52,56.35],[-132.41,56.39],[-132.48,56.44],[-132.56,56.4],[-132.52,56.35]]],[[[-131.7,55.85],[-131.58,55.86],[-131.64,55.91],[-131.7,55.85]]],[[[-133.26,55.78],[-133.23,55.87],[-133.34,55.88],[-133.35,55.84],[-133.26,55.78]]],[[[-133.53,55.69],[-133.34,55.76],[-133.56,55.84],[-133.66,55.82],[-133.7,55.78],[-133.64,55.73],[-133.53,55.69]]],[[[-132.76,54.99],[-132.68,55.03],[-132.69,55.12],[-132.84,55.2],[-132.89,55.15],[-132.88,55.03],[-132.76,54.99]]]]},"properties":null},
{"type":"Feature","geometry":{"type":"Polygon","coordinates":[[[-109.05,37],[-109.63,37],[-110.47,37],[-110.5,37],[-111.41,37],[-112.36,37],[-112.97,37],[-114.05,37],[-114.05,36.66],[-114.05,36.19],[-114.07,36.18],[-114.15,36.02],[-114.24,36.01],[-114.37,36.14],[-114.51,36.13],[-114.57,36.15],[-114.74,36.1],[-114.73,35.94],[-114.68,35.89],[-114.71,35.81],[-114.69,35.65],[-114.65,35.61],[-114.68,35.49],[-114.63,35.41],[-114.6,35.33],[-114.57,35.18],[-114.57,35.14],[-114.63,35],[-114.63,34.87],[-114.59,34.84],[-114.55,34.77],[-114.47,34.71],[-114.38,34.53],[-114.39,34.46],[-114.34,34.45],[-114.14,34.3],[-114.17,34.25],[-114.25,34.17],[-114.42,34.11],[-114.46,34],[-114.53,33.93],[-114.53,33.85],[-114.5,33.7],[-114.53,33.68],[-114.56,33.53],[-114.63,33.43],[-114.72,33.4],[-114.7,33.34],[-114.73,33.3],[-114.68,33.27],[-114.68,33.16],[-114.71,33.1],[-114.67,33.04],[-114.57,33.04],[-114.51,33.02],[-114.46,32.91],[-114.47,32.85],[-114.53,32.79],[-114.53,32.76],[-114.62,32.73],[-114.72,32.72],[-114.76,32.64],[-114.81,32.62],[-114.81,32.49],[-114.25,32.32],[-113.78,32.18],[-113.13,31.97],[-112.4,31.75],[-111.56,31.49],[-111.07,31.33],[-110.46,31.33],[-109.83,31.33],[-109.05,31.33],[-109.05,32.09],[-109.05,32.43],[-109.05,33.07],[-109.05,33.63],[-109.05,34],[-109.05,34.52],[-109.05,34.96],[-109.05,35.36],[-109.05,35.88],[-109.05,36.5],[-109.05,37]]]},"properties":null},
{"type":"Feature","geometry":{"type":"Polygon","coordinates":[[[-89.73,36],[-90.38,36],[-90.29,36.11],[-90.25,36.13],[-90.22,36.18],[-90.08,36.27],[-90.06,36.38],[-90.14,36.41],[-90.15,36.5],[-90.69,36.5],[-91.4,36.5],[-92.35,36.5],[-93.13,36.5],[-94.11,36.5],[-94.62,36.5],[-94.52,35.93],[-94.43,35.39],[-94.46,34.64],[-94.47,34.02],[-94.49,33.64],[-94.45,33.63],[-94.4,33.56],[-94.31,33.55],[-94.3,33.58],[-94.16,33.59],[-94.04,33.55],[-94.04,33.02],[-93.49,33.02],[-92.8,33.01],[-91.95,33.01],[-91.17,33],[-91.12,33.06],[-91.2,33.11],[-91.18,33.14],[-91.09,33.15],[-91.08,33.22],[-91.14,33.3],[-91.14,33.35],[-91.21,33.4],[-91.17,33.45],[-91.23,33.56],[-91.13,33.6],[-91.14,33.63],[-91.22,33.66],[-91.16,33.71],[-91.08,33.66],[-91.05,33.78],[-91.07,33.87],[-91.01,33.93],[-91.09,33.98],[-90.99,34.02],[-90.89,34.03],[-90.87,34.08],[-90.95,34.11],[-90.91,34.17],[-90.82,34.14],[-90.85,34.21],[-90.83,34.27],[-90.74,34.31],[-90.76,34.37],[-90.61,34.39],[-90.57,34.43],[-90.59,34.48],[-90.55,34.54],[-90.59,34.62],[-90.52,34.63],[-90.45,34.75],[-90.48,34.86],[-90.41,34.83],[-90.25,34.91],[-90.25,34.95],[-90.31,35],[-90.29,35.04],[-90.21,35.03],[-90.17,35.12],[-90.07,35.14],[-90.12,35.19],[-90.08,35.23],[-90.16,35.26],[-90.11,35.3],[-90.07,35.38],[-90.13,35.44],[-89.91,35.62],[-89.96,35.69],[-89.95,35.74],[-89.81,35.76],[-89.78,35.81],[-89.77,35.89],[-89.66,35.93],[-89.73,36]]]},"properties":null},
{"type":"Feature","geometry":{"type":"MultiPolygon","coordinates":[[[[-119.79,34.06],[-119.88,34.03],[-119.87,33.98],[-119.72,33.96],[-119.69,34.02],[-119.79,34.06]]],[[[-120.25,34],[-120.17,33.92],[-120.12,33.9],[-119.97,33.94],[-120.07,34.02],[-120.25,34]]],[[[-118.5,33.45],[-118.49,33.36],[-118.47,33.33],[-118.37,33.32],[-118.31,33.34],[-118.37,33.41],[-118.5,33.45]]],[[[-119.54,33.28],[-119.56,33.25],[-119.48,33.22],[-119.46,33.25],[-119.54,33.28]]],[[[-118.52,32.9],[-118.5,32.85],[-118.43,32.8],[-118.37,32.84],[-118.5,32.93],[-118.52,32.9]]],[[[-124.21,42],[-124.22,41.85],[-124.26,41.78],[-124.14,41.71],[-124.14,41.66],[-124.08,41.55],[-124.06,41.44],[-124.11,41.23],[-124.14,41.14],[-124.15,41.05],[-124.11,41.03],[-124.16,40.88],[-124.33,40.62],[-124.41,40.44],[-124.35,40.31],[-124.36,40.26],[-124.19,40.13],[-124.11,40.1],[-124.08,40.03],[-124.04,40.01],[-123.93,39.91],[-123.91,39.86],[-123.85,39.83],[-123.83,39.72],[-123.79,39.68],[-123.77,39.55],[-123.81,39.45],[-123.83,39.37],[-123.8,39.28],[-123.69,39.06],[-123.73,38.92],[-123.65,38.85],[-123.44,38.7],[-123.33,38.57],[-123.13,38.45],[-123.07,38.36],[-123.07,38.32],[-123,38.3],[-122.97,38.24],[-122.95,38.15],[-123.01,38],[-122.94,38.03],[-122.82,38],[-122.7,37.89],[-122.66,37.9],[-122.51,37.82],[-122.47,37.9],[-122.5,38.02],[-122.49,38.11],[-122.4,38.15],[-122.31,38.12],[-122.26,38.04],[-122.41,37.94],[-122.32,37.91],[-122.3,37.85],[-122.33,37.78],[-122.24,37.75],[-122.25,37.72],[-122.16,37.67],[-122.11,37.51],[-122.17,37.5],[-122.26,37.57],[-122.36,37.59],[-122.39,37.71],[-122.36,37.73],[-122.41,37.81],[-122.51,37.78],[-122.5,37.69],[-122.52,37.52],[-122.45,37.48],[-122.4,37.36],[-122.42,37.25],[-122.41,37.2],[-122.28,37.1],[-122.21,37.01],[-122.11,36.96],[-121.97,36.95],[-121.93,36.98],[-121.86,36.93],[-121.79,36.8],[-121.83,36.66],[-121.87,36.6],[-121.92,36.63],[-121.94,36.49],[-121.9,36.38],[-121.89,36.32],[-121.81,36.23],[-121.72,36.2],[-121.63,36.11],[-121.57,36.03],[-121.5,36],[-121.46,35.89],[-121.33,35.78],[-121.31,35.71],[-121.27,35.67],[-121.17,35.64],[-121.1,35.55],[-121,35.46],[-120.91,35.45],[-120.87,35.4],[-120.87,35.33],[-120.9,35.25],[-120.86,35.21],[-120.79,35.18],[-120.7,35.17],[-120.64,35.12],[-120.63,35.06],[-120.67,34.9],[-120.61,34.84],[-120.64,34.76],[-120.6,34.69],[-120.65,34.58],[-120.51,34.52],[-120.47,34.45],[-120.3,34.47],[-120.14,34.47],[-120.01,34.46],[-119.87,34.41],[-119.79,34.42],[-119.71,34.4],[-119.67,34.42],[-119.56,34.41],[-119.46,34.37],[-119.27,34.25],[-119.22,34.15],[-119.13,34.1],[-119.09,34.1],[-118.95,34.05],[-118.85,34.03],[-118.81,34],[-118.74,34.03],[-118.57,34.04],[-118.52,34.03],[-118.44,33.94],[-118.39,33.84],[-118.43,33.77],[-118.41,33.74],[-118.26,33.7],[-118.18,33.72],[-118.18,33.76],[-118.09,33.73],[-117.93,33.61],[-117.78,33.54],[-117.73,33.48],[-117.65,33.44],[-117.6,33.39],[-117.51,33.33],[-117.33,33.12],[-117.28,33.01],[-117.25,32.87],[-117.26,32.7],[-117.2,32.69],[-117.14,32.63],[-117.12,32.53],[-116.63,32.58],[-116.05,32.62],[-115.47,32.67],[-114.72,32.72],[-114.62,32.73],[-114.53,32.76],[-114.53,32.79],[-114.47,32.85],[-114.46,32.91],[-114.51,33.02],[-114.57,33.04],[-114.67,33.04],[-114.71,33.1],[-114.68,33.16],[-114.68,33.27],[-114.73,33.3],[-114.7,33.34],[-114.72,33.4],[-114.63,33.43],[-114.56,33.53],[-114.53,33.68],[-114.5,33.7],[-114.53,33.85],[-114.53,33.93],[-114.46,34],[-114.42,34.11],[-114.25,34.17],[-114.17,34.25],[-114.14,34.3],[-114.34,34.45],[-114.39,34.46],[-114.38,34.53],[-114.47,34.71],[-114.55,34.77],[-114.59,34.84],[-114.63,34.87],[-114.63,35],[-115.27,35.51],[-115.75,35.89],[-116.09,36.16],[-116.54,36.5],[-117,36.85],[-117.38,37.13],[-117.88,37.5],[-118.25,37.77],[-118.95,38.27],[-119.38,38.57],[-120,39],[-120.01,39.23],[-120,39.96],[-120,40.5],[-120,41.18],[-120,41.62],[-120,41.99],[-120.29,41.99],[-121.04,41.99],[-121.58,42],[-122.38,42.01],[-122.63,42],[-123.05,42],[-123.15,42.01],[-123.35,42],[-123.73,42],[-124.21,42]]]]},"properties":null},
{"type":"Feature","geometry":{"type":"Polygon","coordinates":[[[-102.04,36.99],[-102.04,37.68],[-102.04,38.05],[-102.05,38.81],[-102.05,39.3],[-102.05,40],[-102.05,40.54],[-102.05,41],[-102.87,41],[-103.5,41],[-104.05,41],[-104.86,41],[-105.73,41],[-106.22,41],[-106.86,41],[-107.63,41],[-108.25,41],[-109.05,41],[-109.05,40.44],[-109.05,39.87],[-109.05,39.13],[-109.06,38.72],[-109.06,38.28],[-109.04,38.16],[-109.04,37.53],[-109.05,37],[-108.25,37],[-107.42,37],[-106.88,37],[-106.87,36.99],[-106.2,36.99],[-105.63,37],[-105,36.99],[-104.34,36.99],[-103.73,37],[-103,37],[-102.7,37],[-102.04,36.99]]]},"properties":null},
{"type":"Feature","geometry":{"type":"Polygon","coordinates":[[[-73.66,40.99],[-73.49,41.05],[-73.44,41.06],[-73.37,41.1],[-73.26,41.12],[-73.18,41.17],[-73.13,41.15],[-73.05,41.21],[-73.01,41.2],[-72.91,41.28],[-72.88,41.24],[-72.75,41.27],[-72.57,41.27],[-72.55,41.25],[-72.45,41.28],[-72.39,41.26],[-72.2,41.3],[-72.13,41.3],[-71.95,41.34],[-71.86,41.32],[-71.8,41.42],[-71.79,41.66],[-71.8,42.01],[-71.8,42.02],[-72.14,42.03],[-73,42.04],[-73.49,42.05],[-73.52,41.62],[-73.55,41.3],[-73.48,41.21],[-73.73,41.1],[-73.65,41.01],[-73.66,40.99]]]},"properties":null},
{"type":"Feature","geometry":{"type":"Polygon","coordinates":[[[-75.51,39.69],[-75.42,39.8],[-75.5,39.83],[-75.62,39.83],[-75.7,39.8],[-75.79,39.72],[-75.79,39.66],[-75.76,39.25],[-75.69,38.46],[-75.43,38.45],[-75.05,38.45],[-75.08,38.77],[-75.19,38.81],[-75.31,38.92],[-75.32,38.99],[-75.4,39.06],[-75.41,39.16],[-75.39,39.2],[-75.44,39.31],[-75.51,39.37],[-75.59,39.46],[-75.56,39.56],[-75.61,39.6],[-75.59,39.65],[-75.51,39.69]]]},"properties":null},
{"type":"Feature","geometry":{"type":"Polygon","coordinates":[[[-77.04,38.79],[-76.91,38.89],[-77.04,39],[-77.12,38.93],[-77.03,38.85],[-77.04,38.79]]]},"properties":null},
{"type":"Feature","geometry":{"type":"MultiPolygon","coordinates":[[[[-87.52,30.28],[-87.3,30.32],[-87.16,30.33],[-86.91,30.37],[-86.75,30.39],[-86.63,30.4],[-86.41,30.38],[-86.3,30.36],[-86.09,30.3],[-85.88,30.22],[-85.7,30.1],[-85.59,30.05],[-85.49,29.96],[-85.41,29.94],[-85.36,29.9],[-85.3,29.8],[-85.31,29.7],[-85.26,29.68],[-85.1,29.72],[-84.99,29.71],[-84.92,29.78],[-84.82,29.76],[-84.67,29.83],[-84.54,29.91],[-84.45,29.93],[-84.43,29.91],[-84.34,29.9],[-84.36,29.99],[-84.36,30.06],[-84.28,30.06],[-84.24,30.09],[-84.02,30.1],[-83.85,30],[-83.69,29.92],[-83.64,29.89],[-83.59,29.78],[-83.54,29.72],[-83.41,29.67],[-83.4,29.52],[-83.31,29.48],[-83.29,29.44],[-83.22,29.42],[-83.18,29.34],[-83.17,29.29],[-83.09,29.27],[-83.09,29.22],[-83.03,29.13],[-83,29.18],[-82.83,29.16],[-82.76,29.05],[-82.76,28.99],[-82.69,28.9],[-82.73,28.85],[-82.7,28.8],[-82.71,28.72],[-82.67,28.7],[-82.65,28.59],[-82.67,28.44],[-82.76,28.22],[-82.81,28.15],[-82.78,28.13],[-82.78,28.06],[-82.81,27.96],[-82.85,27.89],[-82.83,27.82],[-82.71,27.7],[-82.63,27.71],[-82.62,27.78],[-82.59,27.82],[-82.63,27.91],[-82.72,27.95],[-82.68,27.99],[-82.63,28],[-82.55,27.97],[-82.51,27.83],[-82.47,27.84],[-82.49,27.92],[-82.41,27.9],[-82.39,27.84],[-82.43,27.76],[-82.48,27.75],[-82.58,27.6],[-82.69,27.5],[-82.69,27.44],[-82.57,27.3],[-82.48,27.14],[-82.45,27.06],[-82.27,26.78],[-82.18,26.77],[-82.15,26.79],[-82.18,26.92],[-82.08,26.96],[-82.09,26.89],[-82.06,26.88],[-82.07,26.74],[-82.18,26.68],[-82.14,26.64],[-82.11,26.48],[-82.04,26.52],[-81.91,26.43],[-81.87,26.38],[-81.83,26.29],[-81.8,26.09],[-81.75,25.96],[-81.69,25.85],[-81.64,25.9],[-81.54,25.9],[-81.42,25.87],[-81.35,25.82],[-81.36,25.77],[-81.24,25.61],[-81.21,25.5],[-81.17,25.46],[-81.12,25.35],[-81.15,25.32],[-81.17,25.22],[-81.14,25.16],[-81.08,25.12],[-80.9,25.14],[-80.85,25.18],[-80.7,25.14],[-80.66,25.18],[-80.39,25.25],[-80.38,25.3],[-80.34,25.34],[-80.33,25.4],[-80.34,25.5],[-80.3,25.57],[-80.24,25.72],[-80.13,25.77],[-80.11,26.09],[-80.08,26.26],[-80.06,26.44],[-80.04,26.57],[-80.03,26.8],[-80.09,27.02],[-80.16,27.16],[-80.16,27.19],[-80.25,27.38],[-80.38,27.74],[-80.51,27.97],[-80.57,28.1],[-80.6,28.26],[-80.6,28.36],[-80.59,28.41],[-80.53,28.46],[-80.57,28.59],[-80.71,28.76],[-80.97,29.15],[-81.16,29.56],[-81.26,29.78],[-81.28,29.9],[-81.31,29.97],[-81.39,30.27],[-81.41,30.48],[-81.44,30.6],[-81.44,30.71],[-81.54,30.71],[-81.69,30.75],[-81.81,30.79],[-81.87,30.79],[-81.95,30.83],[-81.98,30.78],[-82.04,30.75],[-82.05,30.66],[-82.01,30.59],[-82.02,30.48],[-82.05,30.36],[-82.17,30.36],[-82.21,30.42],[-82.2,30.49],[-82.24,30.54],[-82.21,30.57],[-83.13,30.62],[-84.06,30.67],[-84.86,30.71],[-84.91,30.75],[-84.94,30.88],[-84.98,30.94],[-85,31],[-85.89,30.99],[-86.52,30.99],[-87.14,31],[-87.6,31],[-87.59,30.96],[-87.63,30.87],[-87.55,30.79],[-87.53,30.74],[-87.41,30.68],[-87.39,30.63],[-87.45,30.53],[-87.44,30.48],[-87.37,30.43],[-87.43,30.41],[-87.46,30.33],[-87.52,30.28]]],[[[-80.46,25.09],[-80.4,25.11],[-80.24,25.36],[-80.26,25.36],[-80.34,25.27],[-80.35,25.21],[-80.4,25.15],[-80.46,25.09]]],[[[-81.58,24.66],[-81.68,24.6],[-81.8,24.59],[-81.81,24.54],[-81.69,24.56],[-81.6,24.59],[-81.48,24.65],[-81.4,24.62],[-81.3,24.65],[-81.32,24.7],[-81.39,24.74],[-81.45,24.71],[-81.56,24.69],[-81.58,24.66]]]]},"properties":null},
{"type":"Feature","geometry":{"type":"Polygon","coordinates":[[[-81.44,30.71],[-81.45,30.81],[-81.41,30.91],[-81.42,31.02],[-81.4,31.13],[-81.37,31.14],[-81.31,31.21],[-81.27,31.29],[-81.28,31.37],[-81.18,31.52],[-81.13,31.62],[-81.13,31.72],[-81.07,31.77],[-81.04,31.82],[-80.84,32.01],[-80.89,32.03],[-80.92,32.04],[-81.01,32.1],[-81.07,32.09],[-81.12,32.12],[-81.12,32.19],[-81.16,32.24],[-81.12,32.29],[-81.21,32.42],[-81.2,32.47],[-81.28,32.56],[-81.37,32.58],[-81.41,32.62],[-81.43,32.7],[-81.42,32.84],[-81.5,32.94],[-81.49,33.01],[-81.62,33.1],[-81.7,33.12],[-81.76,33.16],[-81.76,33.2],[-81.83,33.23],[-81.85,33.31],[-81.91,33.32],[-81.94,33.36],[-81.91,33.44],[-81.99,33.49],[-82.05,33.56],[-82.13,33.59],[-82.2,33.63],[-82.26,33.76],[-82.35,33.83],[-82.42,33.86],[-82.56,33.95],[-82.6,34.03],[-82.68,34.13],[-82.72,34.15],[-82.75,34.27],[-82.79,34.34],[-82.84,34.37],[-82.86,34.46],[-82.9,34.49],[-83,34.47],[-83.17,34.59],[-83.34,34.68],[-83.35,34.73],[-83.32,34.79],[-83.27,34.82],[-83.24,34.88],[-83.12,34.94],[-83.11,35],[-83.62,34.99],[-84.32,34.99],[-84.94,34.99],[-85.38,34.98],[-85.61,34.98],[-85.56,34.75],[-85.47,34.33],[-85.36,33.75],[-85.3,33.48],[-85.18,32.86],[-85.13,32.78],[-85.11,32.68],[-85.07,32.58],[-85,32.51],[-84.97,32.44],[-85,32.32],[-84.89,32.27],[-84.93,32.22],[-85.01,32.18],[-85.06,32.13],[-85.06,32.01],[-85.14,31.86],[-85.13,31.69],[-85.06,31.62],[-85.04,31.54],[-85.07,31.47],[-85.09,31.36],[-85.09,31.3],[-85.11,31.26],[-85.1,31.17],[-85.04,31.11],[-85,31],[-84.98,30.94],[-84.94,30.88],[-84.91,30.75],[-84.86,30.71],[-84.06,30.67],[-83.13,30.62],[-82.21,30.57],[-82.24,30.54],[-82.2,30.49],[-82.21,30.42],[-82.17,30.36],[-82.05,30.36],[-82.02,30.48],[-82.01,30.59],[-82.05,30.66],[-82.04,30.75],[-81.98,30.78],[-81.95,30.83],[-81.87,30.79],[-81.81,30.79],[-81.69,30.75],[-81.54,30.71],[-81.44,30.71]]]},"properties":null},
{"type":"Feature","geometry":{"type":"MultiPolygon","coordinates":[[[[-159.43,22.22],[-159.5,22.21],[-159.58,22.23],[-159.73,22.14],[-159.79,22.06],[-159.76,21.98],[-159.67,21.96],[-159.61,21.9],[-159.49,21.89],[-159.45,21.87],[-159.33,21.96],[-159.34,22.05],[-159.3,22.11],[-159.32,22.19],[-159.35,22.22],[-159.43,22.22]]],[[[-160.12,21.96],[-160.23,21.89],[-160.25,21.82],[-160.21,21.79],[-160.16,21.86],[-160.08,21.9],[-160.06,22],[-160.12,21.96]]],[[[-158.07,21.64],[-158.13,21.59],[-158.25,21.58],[-158.23,21.49],[-158.18,21.4],[-158.14,21.37],[-158.11,21.3],[-157.89,21.31],[-157.82,21.26],[-157.65,21.3],[-157.71,21.35],[-157.71,21.38],[-157.77,21.45],[-157.84,21.46],[-157.84,21.53],[-157.92,21.63],[-157.97,21.71],[-158.02,21.7],[-158.07,21.64]]],[[[-157.26,21.23],[-157.25,21.19],[-157.31,21.11],[-157.25,21.09],[-157.08,21.11],[-156.88,21.05],[-156.79,21.08],[-156.71,21.15],[-156.77,21.18],[-156.87,21.16],[-157.16,21.2],[-157.26,21.23]]],[[[-157.01,20.93],[-157.06,20.9],[-157.01,20.85],[-156.97,20.74],[-156.84,20.76],[-156.81,20.81],[-156.84,20.86],[-156.9,20.92],[-157.01,20.93]]],[[[-156.61,21.02],[-156.67,21.01],[-156.7,20.92],[-156.63,20.82],[-156.54,20.78],[-156.46,20.78],[-156.44,20.61],[-156.38,20.58],[-156.3,20.59],[-156.21,20.63],[-156.14,20.62],[-156.05,20.65],[-155.99,20.72],[-156,20.8],[-156.12,20.83],[-156.23,20.93],[-156.32,20.95],[-156.47,20.89],[-156.55,21.01],[-156.61,21.02]]],[[[-156.54,20.52],[-156.54,20.58],[-156.58,20.61],[-156.68,20.56],[-156.67,20.5],[-156.54,20.52]]],[[[-155.78,20.25],[-155.85,20.27],[-155.9,20.24],[-155.9,20.15],[-155.83,20.04],[-155.86,19.97],[-155.94,19.85],[-155.98,19.85],[-156.05,19.78],[-156.06,19.73],[-156,19.64],[-155.97,19.59],[-155.95,19.49],[-155.92,19.48],[-155.89,19.34],[-155.92,19.12],[-155.88,19.04],[-155.81,19.01],[-155.73,18.97],[-155.67,18.92],[-155.6,18.98],[-155.56,19.08],[-155.51,19.14],[-155.45,19.15],[-155.36,19.21],[-155.3,19.27],[-155.21,19.26],[-155.13,19.28],[-154.98,19.35],[-154.82,19.48],[-154.81,19.53],[-154.9,19.57],[-154.98,19.64],[-155.01,19.74],[-155.09,19.74],[-155.08,19.85],[-155.14,19.92],[-155.27,20.01],[-155.41,20.08],[-155.56,20.13],[-155.58,20.12],[-155.73,20.21],[-155.78,20.25]]]]},"properties":null},
{"type":"Feature","geometry":{"type":"Polygon","coordinates":[[[-111.05,42],[-111.05,42.5],[-111.04,42.72],[-111.04,43.32],[-111.05,44.02],[-111.05,44.47],[-111.12,44.49],[-111.14,44.54],[-111.23,44.58],[-111.22,44.62],[-111.32,44.72],[-111.49,44.71],[-111.47,44.67],[-111.59,44.56],[-111.72,44.54],[-111.82,44.51],[-111.87,44.56],[-112.03,44.55],[-112.11,44.52],[-112.29,44.57],[-112.36,44.53],[-112.39,44.45],[-112.47,44.48],[-112.66,44.49],[-112.72,44.5],[-112.78,44.48],[-112.89,44.4],[-113,44.45],[-113.02,44.53],[-113.08,44.6],[-113.06,44.62],[-113.13,44.77],[-113.25,44.82],[-113.34,44.78],[-113.36,44.82],[-113.46,44.87],[-113.49,44.95],[-113.44,44.96],[-113.45,45.06],[-113.57,45.13],[-113.6,45.19],[-113.68,45.25],[-113.74,45.33],[-113.73,45.39],[-113.78,45.45],[-113.77,45.52],[-113.83,45.52],[-113.81,45.6],[-113.9,45.64],[-113.99,45.7],[-114.14,45.56],[-114.25,45.52],[-114.33,45.46],[-114.42,45.51],[-114.46,45.56],[-114.56,45.59],[-114.56,45.64],[-114.5,45.67],[-114.5,45.72],[-114.57,45.77],[-114.5,45.85],[-114.41,45.85],[-114.39,45.88],[-114.49,46.05],[-114.46,46.1],[-114.52,46.13],[-114.51,46.17],[-114.45,46.17],[-114.45,46.24],[-114.41,46.34],[-114.42,46.39],[-114.38,46.44],[-114.32,46.61],[-114.33,46.66],[-114.42,46.66],[-114.47,46.63],[-114.62,46.64],[-114.65,46.73],[-114.77,46.7],[-114.77,46.76],[-114.93,46.84],[-114.94,46.9],[-115,46.97],[-115.05,46.97],[-115.09,47.05],[-115.19,47.13],[-115.24,47.15],[-115.33,47.26],[-115.41,47.26],[-115.53,47.3],[-115.55,47.35],[-115.72,47.42],[-115.67,47.45],[-115.75,47.56],[-115.69,47.6],[-115.74,47.65],[-115.72,47.7],[-115.82,47.75],[-115.85,47.83],[-115.9,47.84],[-116.05,47.98],[-116.05,48.48],[-116.05,49],[-117.03,49],[-117.04,48.37],[-117.04,47.84],[-117.04,47.48],[-117.04,46.83],[-117.04,46.43],[-117.06,46.35],[-116.98,46.29],[-116.92,46.17],[-116.96,46.1],[-116.92,46],[-116.78,45.83],[-116.7,45.82],[-116.67,45.78],[-116.59,45.78],[-116.54,45.73],[-116.54,45.69],[-116.46,45.62],[-116.55,45.51],[-116.67,45.32],[-116.73,45.14],[-116.85,45.02],[-116.83,44.93],[-116.93,44.78],[-117.04,44.75],[-117.12,44.61],[-117.14,44.55],[-117.23,44.48],[-117.24,44.4],[-117.19,44.34],[-117.22,44.29],[-117.17,44.26],[-117.1,44.28],[-117.06,44.23],[-116.98,44.24],[-116.97,44.2],[-116.9,44.15],[-116.98,44.09],[-116.93,44.02],[-116.97,43.97],[-116.98,43.87],[-117.03,43.83],[-117.03,43.03],[-117.03,42.62],[-117.03,42],[-116.37,42],[-115.87,42],[-115.03,42],[-114.81,42],[-114.6,41.99],[-114.04,41.99],[-113.89,41.99],[-113.25,42],[-112.19,42],[-112.17,42],[-111.51,42],[-111.05,42]]]},"properties":null},
{"type":"Feature","geometry":{"type":"Polygon","coordinates":[[[-88.03,37.8],[-88.06,37.87],[-88.01,37.97],[-88.03,38.03],[-87.98,38.07],[-87.93,38.17],[-87.98,38.21],[-87.75,38.41],[-87.74,38.48],[-87.65,38.51],[-87.66,38.54],[-87.62,38.64],[-87.52,38.7],[-87.5,38.78],[-87.55,38.86],[-87.51,38.95],[-87.58,38.99],[-87.57,39.06],[-87.63,39.11],[-87.64,39.17],[-87.57,39.22],[-87.61,39.28],[-87.59,39.33],[-87.53,39.35],[-87.53,39.88],[-87.53,40.46],[-87.53,41.12],[-87.52,41.71],[-87.6,41.83],[-87.61,41.89],[-87.68,42.08],[-87.8,42.21],[-87.83,42.3],[-87.81,42.38],[-87.8,42.49],[-88.12,42.5],[-88.79,42.49],[-89.25,42.5],[-90.07,42.51],[-90.64,42.51],[-90.65,42.48],[-90.48,42.38],[-90.42,42.32],[-90.43,42.28],[-90.39,42.23],[-90.21,42.15],[-90.16,42.12],[-90.16,42.04],[-90.14,42],[-90.15,41.91],[-90.19,41.8],[-90.32,41.73],[-90.34,41.59],[-90.46,41.52],[-90.6,41.51],[-90.66,41.46],[-90.86,41.45],[-90.93,41.42],[-91.05,41.41],[-91.08,41.3],[-91.11,41.24],[-91.04,41.17],[-90.99,41.16],[-90.95,41.1],[-90.94,41.03],[-90.96,40.92],[-91.1,40.81],[-91.12,40.67],[-91.19,40.64],[-91.25,40.64],[-91.35,40.61],[-91.41,40.54],[-91.37,40.51],[-91.38,40.39],[-91.42,40.38],[-91.46,40.34],[-91.51,40.24],[-91.51,40.13],[-91.49,40.04],[-91.42,39.91],[-91.43,39.84],[-91.36,39.79],[-91.37,39.73],[-91.24,39.63],[-91.19,39.61],[-91.15,39.55],[-91.1,39.54],[-91.06,39.47],[-90.84,39.34],[-90.73,39.25],[-90.68,39.09],[-90.71,39.06],[-90.66,38.92],[-90.58,38.87],[-90.54,38.88],[-90.45,38.97],[-90.31,38.92],[-90.25,38.92],[-90.11,38.85],[-90.12,38.8],[-90.21,38.71],[-90.18,38.67],[-90.19,38.6],[-90.26,38.53],[-90.3,38.43],[-90.35,38.38],[-90.37,38.28],[-90.35,38.21],[-90.27,38.16],[-90.24,38.11],[-90.13,38.06],[-90.01,37.97],[-89.97,37.92],[-89.9,37.87],[-89.84,37.91],[-89.8,37.86],[-89.74,37.85],[-89.58,37.71],[-89.51,37.69],[-89.52,37.54],[-89.42,37.4],[-89.44,37.34],[-89.49,37.33],[-89.52,37.29],[-89.46,37.25],[-89.46,37.2],[-89.38,37.09],[-89.38,37.04],[-89.29,36.99],[-89.2,37.01],[-89.13,36.98],[-89.18,37.04],[-89.15,37.09],[-89.03,37.21],[-88.92,37.22],[-88.81,37.19],[-88.73,37.14],[-88.63,37.12],[-88.55,37.07],[-88.46,37.07],[-88.42,37.15],[-88.52,37.28],[-88.48,37.39],[-88.41,37.43],[-88.36,37.4],[-88.28,37.45],[-88.09,37.47],[-88.07,37.53],[-88.13,37.57],[-88.16,37.66],[-88.06,37.74],[-88.03,37.8]]]},"properties":null},
{"type":"Feature","geometry":{"type":"Polygon","coordinates":[[[-88.03,37.8],[-87.94,37.78],[-87.91,37.81],[-87.94,37.89],[-87.9,37.92],[-87.83,37.88],[-87.68,37.9],[-87.67,37.83],[-87.62,37.83],[-87.59,37.89],[-87.5,37.91],[-87.45,37.94],[-87.38,37.94],[-87.22,37.85],[-87.16,37.84],[-87.13,37.79],[-87.07,37.8],[-87.03,37.91],[-86.92,37.94],[-86.86,37.99],[-86.79,37.99],[-86.75,37.91],[-86.69,37.91],[-86.6,37.87],[-86.59,37.92],[-86.53,37.92],[-86.52,38.04],[-86.45,38.05],[-86.38,38.13],[-86.35,38.2],[-86.27,38.14],[-86.27,38.06],[-86.18,38.01],[-86.11,38.01],[-86.05,37.96],[-86.02,38],[-85.95,38.01],[-85.91,38.09],[-85.91,38.16],[-85.79,38.29],[-85.74,38.27],[-85.65,38.33],[-85.62,38.42],[-85.59,38.45],[-85.5,38.47],[-85.43,38.52],[-85.45,38.71],[-85.41,38.74],[-85.26,38.74],[-85.19,38.69],[-85.13,38.7],[-84.98,38.78],[-84.81,38.79],[-84.81,38.9],[-84.88,38.92],[-84.84,38.99],[-84.9,39.05],[-84.82,39.11],[-84.81,39.81],[-84.8,40.31],[-84.8,40.8],[-84.8,41.44],[-84.81,41.7],[-84.81,41.76],[-85.79,41.76],[-86.52,41.76],[-86.82,41.76],[-86.93,41.71],[-87.12,41.65],[-87.28,41.62],[-87.43,41.65],[-87.52,41.71],[-87.53,41.12],[-87.53,40.46],[-87.53,39.88],[-87.53,39.35],[-87.59,39.33],[-87.61,39.28],[-87.57,39.22],[-87.64,39.17],[-87.63,39.11],[-87.57,39.06],[-87.58,38.99],[-87.51,38.95],[-87.55,38.86],[-87.5,38.78],[-87.52,38.7],[-87.62,38.64],[-87.66,38.54],[-87.65,38.51],[-87.74,38.48],[-87.75,38.41],[-87.98,38.21],[-87.93,38.17],[-87.98,38.07],[-88.03,38.03],[-88.01,37.97],[-88.06,37.87],[-88.03,37.8]]]},"properties":null},
{"type":"Feature","geometry":{"type":"Polygon","coordinates":[[[-95.77,40.59],[-94.99,40.58],[-94.49,40.57],[-94.09,40.57],[-93.26,40.58],[-92.76,40.59],[-92.1,40.6],[-91.73,40.61],[-91.68,40.55],[-91.52,40.41],[-91.42,40.38],[-91.38,40.39],[-91.37,40.51],[-91.41,40.54],[-91.35,40.61],[-91.25,40.64],[-91.19,40.64],[-91.12,40.67],[-91.1,40.81],[-90.96,40.92],[-90.94,41.03],[-90.95,41.1],[-90.99,41.16],[-91.04,41.17],[-91.11,41.24],[-91.08,41.3],[-91.05,41.41],[-90.93,41.42],[-90.86,41.45],[-90.66,41.46],[-90.6,41.51],[-90.46,41.52],[-90.34,41.59],[-90.32,41.73],[-90.19,41.8],[-90.15,41.91],[-90.14,42],[-90.16,42.04],[-90.16,42.12],[-90.21,42.15],[-90.39,42.23],[-90.43,42.28],[-90.42,42.32],[-90.48,42.38],[-90.65,42.48],[-90.64,42.51],[-90.65,42.54],[-90.72,42.64],[-90.95,42.69],[-91.05,42.74],[-91.1,42.88],[-91.15,42.91],[-91.17,43.04],[-91.18,43.13],[-91.06,43.25],[-91.13,43.33],[-91.2,43.35],[-91.23,43.46],[-91.22,43.5],[-91.95,43.5],[-92.79,43.5],[-93.27,43.5],[-93.97,43.5],[-94.86,43.5],[-95.51,43.5],[-96.45,43.5],[-96.6,43.5],[-96.59,43.43],[-96.52,43.39],[-96.53,43.31],[-96.58,43.3],[-96.55,43.23],[-96.49,43.22],[-96.44,43.11],[-96.51,43.02],[-96.54,42.92],[-96.53,42.89],[-96.64,42.74],[-96.52,42.63],[-96.44,42.49],[-96.39,42.47],[-96.41,42.41],[-96.41,42.34],[-96.37,42.31],[-96.32,42.23],[-96.35,42.17],[-96.27,42.11],[-96.24,42.04],[-96.18,41.98],[-96.13,41.97],[-96.16,41.9],[-96.07,41.8],[-96.12,41.69],[-96.09,41.53],[-96,41.47],[-95.93,41.46],[-95.93,41.2],[-95.86,41.09],[-95.86,41],[-95.81,40.88],[-95.85,40.86],[-95.84,40.78],[-95.89,40.73],[-95.84,40.68],[-95.79,40.66],[-95.77,40.59]]]},"properties":null},
{"type":"Feature","geometry":{"type":"Polygon","coordinates":[[[-94.62,37],[-94.62,37.77],[-94.61,38.22],[-94.61,38.62],[-94.61,39.12],[-94.62,39.16],[-94.69,39.18],[-94.74,39.17],[-94.82,39.21],[-94.85,39.27],[-94.9,39.3],[-94.92,39.38],[-95.1,39.53],[-95.06,39.58],[-95.03,39.67],[-94.97,39.69],[-94.96,39.75],[-94.89,39.83],[-94.94,39.86],[-94.96,39.9],[-95.02,39.9],[-95.08,39.86],[-95.21,39.91],[-95.31,40],[-96.15,40],[-97.05,40],[-97.52,40],[-98.1,40],[-98.93,40],[-99.81,40],[-100.47,40],[-101.41,40],[-102.05,40],[-102.05,39.3],[-102.05,38.81],[-102.04,38.05],[-102.04,37.68],[-102.04,36.99],[-101.36,37],[-100.73,37],[-100.2,37],[-99.65,37],[-99.03,37],[-98.35,37],[-97.46,37],[-96.5,37],[-96,37],[-95.41,37],[-94.62,37]]]},"properties":null},
{"type":"Feature","geometry":{"type":"MultiPolygon","coordinates":[[[[-83.68,36.6],[-83.53,36.66],[-83.42,36.67],[-83.39,36.69],[-83.19,36.74],[-83.13,36.78],[-83.07,36.85],[-82.97,36.86],[-82.88,36.89],[-82.82,37],[-82.72,37.06],[-82.72,37.12],[-82.5,37.23],[-82.35,37.27],[-81.97,37.54],[-82.12,37.55],[-82.18,37.63],[-82.21,37.63],[-82.3,37.69],[-82.35,37.79],[-82.4,37.82],[-82.42,37.89],[-82.5,37.93],[-82.46,37.98],[-82.52,38],[-82.55,38.07],[-82.64,38.14],[-82.57,38.26],[-82.6,38.34],[-82.59,38.42],[-82.61,38.47],[-82.72,38.56],[-82.8,38.56],[-82.85,38.6],[-82.87,38.73],[-82.89,38.76],[-83.03,38.72],[-83.1,38.68],[-83.14,38.63],[-83.24,38.63],[-83.29,38.6],[-83.37,38.66],[-83.47,38.68],[-83.52,38.7],[-83.62,38.68],[-83.67,38.63],[-83.77,38.66],[-83.78,38.7],[-83.86,38.76],[-83.98,38.79],[-84.07,38.77],[-84.21,38.81],[-84.23,38.89],[-84.3,39.01],[-84.43,39.06],[-84.47,39.12],[-84.51,39.09],[-84.63,39.08],[-84.75,39.15],[-84.82,39.11],[-84.9,39.05],[-84.84,38.99],[-84.88,38.92],[-84.81,38.9],[-84.81,38.79],[-84.98,38.78],[-85.13,38.7],[-85.19,38.69],[-85.26,38.74],[-85.41,38.74],[-85.45,38.71],[-85.43,38.52],[-85.5,38.47],[-85.59,38.45],[-85.62,38.42],[-85.65,38.33],[-85.74,38.27],[-85.79,38.29],[-85.91,38.16],[-85.91,38.09],[-85.95,38.01],[-86.02,38],[-86.05,37.96],[-86.11,38.01],[-86.18,38.01],[-86.27,38.06],[-86.27,38.14],[-86.35,38.2],[-86.38,38.13],[-86.45,38.05],[-86.52,38.04],[-86.53,37.92],[-86.59,37.92],[-86.6,37.87],[-86.69,37.91],[-86.75,37.91],[-86.79,37.99],[-86.86,37.99],[-86.92,37.94],[-87.03,37.91],[-87.07,37.8],[-87.13,37.79],[-87.16,37.84],[-87.22,37.85],[-87.38,37.94],[-87.45,37.94],[-87.5,37.91],[-87.59,37.89],[-87.62,37.83],[-87.67,37.83],[-87.68,37.9],[-87.83,37.88],[-87.9,37.92],[-87.94,37.89],[-87.91,37.81],[-87.94,37.78],[-88.03,37.8],[-88.06,37.74],[-88.16,37.66],[-88.13,37.57],[-88.07,37.53],[-88.09,37.47],[-88.28,37.45],[-88.36,37.4],[-88.41,37.43],[-88.48,37.39],[-88.52,37.28],[-88.42,37.15],[-88.46,37.07],[-88.55,37.07],[-88.63,37.12],[-88.73,37.14],[-88.81,37.19],[-88.92,37.22],[-89.03,37.21],[-89.15,37.09],[-89.18,37.04],[-89.13,36.98],[-89.1,36.96],[-89.12,36.89],[-89.18,36.81],[-89.17,36.76],[-89.2,36.72],[-89.16,36.67],[-89.23,36.57],[-89.26,36.56],[-89.33,36.63],[-89.38,36.62],[-89.42,36.5],[-89.3,36.51],[-89.12,36.5],[-88.05,36.5],[-88.03,36.54],[-88.07,36.68],[-87.85,36.66],[-87.85,36.63],[-87.11,36.64],[-86.59,36.65],[-86.33,36.65],[-85.83,36.62],[-85.49,36.61],[-85.2,36.63],[-84.84,36.61],[-84.54,36.6],[-83.69,36.58],[-83.68,36.6]]],[[[-89.49,36.5],[-89.48,36.57],[-89.55,36.58],[-89.54,36.5],[-89.49,36.5]]]]},"properties":null},
{"type":"Feature","geometry":{"type":"MultiPolygon","coordinates":[[[[-93.84,29.69],[-93.74,29.74],[-93.48,29.77],[-93.34,29.76],[-93.23,29.78],[-93.09,29.75],[-92.97,29.71],[-92.74,29.62],[-92.65,29.59],[-92.31,29.53],[-92.25,29.54],[-92.16,29.58],[-92.11,29.62],[-92.15,29.7],[-92.11,29.74],[-91.98,29.79],[-91.96,29.82],[-91.84,29.82],[-91.88,29.75],[-91.86,29.7],[-91.74,29.75],[-91.62,29.74],[-91.63,29.63],[-91.55,29.63],[-91.52,29.53],[-91.45,29.54],[-91.4,29.51],[-91.27,29.47],[-91.22,29.44],[-91.2,29.37],[-91.27,29.36],[-91.29,29.31],[-91.28,29.25],[-91.13,29.22],[-91.09,29.19],[-91,29.17],[-90.96,29.18],[-90.84,29.07],[-90.73,29.12],[-90.65,29.13],[-90.65,29.18],[-90.57,29.29],[-90.51,29.29],[-90.45,29.26],[-90.49,29.21],[-90.4,29.2],[-90.37,29.27],[-90.33,29.28],[-90.27,29.2],[-90.3,29.18],[-90.23,29.13],[-90.22,29.09],[-90.1,29.15],[-90.07,29.21],[-90.1,29.24],[-90.03,29.32],[-90.03,29.43],[-89.99,29.46],[-89.96,29.43],[-89.85,29.48],[-89.82,29.38],[-89.85,29.31],[-89.73,29.3],[-89.61,29.25],[-89.48,29.22],[-89.4,29.12],[-89.31,29.11],[-89.32,29.07],[-89.41,28.96],[-89.38,28.95],[-89.25,29.08],[-89.17,29.01],[-89.14,29.05],[-89.03,29.13],[-89,29.18],[-89.03,29.22],[-89.09,29.2],[-89.11,29.26],[-89.2,29.35],[-89.24,29.31],[-89.28,29.36],[-89.38,29.39],[-89.51,29.39],[-89.64,29.49],[-89.69,29.51],[-89.65,29.63],[-89.62,29.66],[-89.65,29.75],[-89.53,29.74],[-89.45,29.7],[-89.39,29.79],[-89.36,29.85],[-89.28,29.92],[-89.23,29.93],[-89.22,29.97],[-89.27,29.99],[-89.32,29.92],[-89.37,29.91],[-89.38,29.96],[-89.43,30.01],[-89.37,30.04],[-89.48,30.08],[-89.49,30.04],[-89.58,29.99],[-89.6,29.88],[-89.69,29.87],[-89.78,29.94],[-89.84,29.95],[-89.86,30],[-89.82,30.04],[-89.76,30.04],[-89.68,30.08],[-89.68,30.11],[-89.62,30.16],[-89.52,30.18],[-89.57,30.18],[-89.62,30.23],[-89.64,30.3],[-89.63,30.34],[-89.68,30.41],[-89.68,30.45],[-89.77,30.52],[-89.82,30.6],[-89.85,30.67],[-89.83,30.77],[-89.8,30.8],[-89.76,30.94],[-89.75,31],[-90.38,31],[-91.07,31],[-91.63,31],[-91.56,31.04],[-91.63,31.12],[-91.59,31.19],[-91.64,31.23],[-91.64,31.27],[-91.52,31.28],[-91.52,31.37],[-91.47,31.4],[-91.51,31.44],[-91.52,31.53],[-91.49,31.59],[-91.4,31.64],[-91.4,31.71],[-91.37,31.75],[-91.34,31.85],[-91.27,31.86],[-91.2,31.91],[-91.19,31.96],[-91.08,32.02],[-91.1,32.05],[-91.04,32.1],[-91.05,32.12],[-91.16,32.13],[-91.16,32.2],[-91.05,32.24],[-90.92,32.3],[-90.91,32.34],[-91,32.37],[-90.97,32.43],[-91.03,32.43],[-91.1,32.46],[-91.12,32.5],[-91.09,32.55],[-91.15,32.64],[-91.06,32.7],[-91.06,32.73],[-91.17,32.75],[-91.15,32.84],[-91.07,32.89],[-91.09,32.98],[-91.16,32.9],[-91.21,32.92],[-91.17,33],[-91.95,33.01],[-92.8,33.01],[-93.49,33.02],[-94.04,33.02],[-94.04,32.69],[-94.04,32],[-93.98,31.93],[-93.91,31.89],[-93.87,31.82],[-93.82,31.77],[-93.8,31.69],[-93.84,31.61],[-93.82,31.55],[-93.73,31.5],[-93.75,31.47],[-93.7,31.44],[-93.66,31.36],[-93.69,31.31],[-93.62,31.27],[-93.6,31.18],[-93.55,31.19],[-93.55,31.08],[-93.52,31.02],[-93.57,30.98],[-93.53,30.94],[-93.57,30.89],[-93.55,30.82],[-93.59,30.79],[-93.62,30.7],[-93.68,30.64],[-93.68,30.6],[-93.73,30.57],[-93.7,30.44],[-93.76,30.39],[-93.77,30.33],[-93.71,30.29],[-93.72,30.21],[-93.7,30.15],[-93.73,30.09],[-93.72,30.05],[-93.79,29.99],[-93.86,29.86],[-93.92,29.82],[-93.84,29.69]]],[[[-89.22,29.99],[-89.17,30.04],[-89.25,30.12],[-89.34,30.06],[-89.22,29.99]]],[[[-91.82,29.47],[-91.71,29.55],[-91.84,29.63],[-91.92,29.63],[-91.99,29.61],[-92.03,29.57],[-91.86,29.5],[-91.82,29.47]]]]},"properties":null},
{"type":"Feature","geometry":{"type":"Polygon","coordinates":[[[-96.45,43.5],[-95.51,43.5],[-94.86,43.5],[-93.97,43.5],[-93.27,43.5],[-92.79,43.5],[-91.95,43.5],[-91.22,43.5],[-91.23,43.58],[-91.27,43.62],[-91.27,43.71],[-91.24,43.77],[-91.28,43.85],[-91.44,44],[-91.58,44.03],[-91.71,44.12],[-91.88,44.2],[-91.93,44.33],[-92.05,44.4],[-92.22,44.44],[-92.28,44.47],[-92.35,44.56],[-92.52,44.58],[-92.62,44.62],[-92.62,44.64],[-92.81,44.75],[-92.77,44.84],[-92.75,44.94],[-92.79,45.08],[-92.74,45.11],[-92.77,45.19],[-92.76,45.29],[-92.65,45.4],[-92.65,45.44],[-92.77,45.57],[-92.88,45.58],[-92.87,45.72],[-92.78,45.76],[-92.71,45.89],[-92.64,45.93],[-92.46,45.98],[-92.42,46.03],[-92.36,46.01],[-92.29,46.07],[-92.29,46.67],[-92.21,46.65],[-92.09,46.75],[-92.02,46.71],[-92.09,46.79],[-91.7,47.01],[-91.67,47.01],[-91.57,47.09],[-91.48,47.13],[-91.36,47.21],[-91.17,47.37],[-91.02,47.46],[-90.74,47.62],[-90.54,47.7],[-89.97,47.83],[-89.92,47.86],[-89.79,47.89],[-89.7,47.94],[-89.59,47.97],[-89.63,48.01],[-89.75,48.02],[-89.87,47.99],[-89.97,48.01],[-90.02,48.08],[-90.13,48.11],[-90.31,48.11],[-90.37,48.09],[-90.64,48.1],[-90.76,48.1],[-90.83,48.17],[-90.84,48.24],[-90.98,48.22],[-91.14,48.15],[-91.25,48.08],[-91.43,48.05],[-91.57,48.09],[-91.71,48.11],[-91.71,48.2],[-91.86,48.21],[-91.89,48.24],[-92.01,48.27],[-92,48.32],[-92.16,48.36],[-92.29,48.34],[-92.28,48.24],[-92.37,48.22],[-92.47,48.35],[-92.46,48.4],[-92.51,48.45],[-92.66,48.44],[-92.63,48.54],[-92.73,48.54],[-92.98,48.62],[-93.18,48.62],[-93.21,48.64],[-93.35,48.63],[-93.46,48.59],[-93.47,48.55],[-93.65,48.52],[-93.79,48.52],[-93.84,48.63],[-94.24,48.65],[-94.26,48.7],[-94.42,48.71],[-94.44,48.69],[-94.59,48.72],[-94.69,48.78],[-94.68,48.88],[-94.75,49.1],[-94.77,49.12],[-94.83,49.29],[-94.96,49.37],[-95.06,49.35],[-95.15,49.38],[-95.15,49],[-95.98,49],[-96.93,49],[-97.23,49],[-97.24,48.97],[-97.18,48.85],[-97.14,48.73],[-97.1,48.69],[-97.16,48.54],[-97.13,48.46],[-97.15,48.36],[-97.12,48.28],[-97.15,48.17],[-97.08,48.05],[-97.05,47.95],[-97.02,47.92],[-96.98,47.81],[-96.94,47.77],[-96.85,47.59],[-96.86,47.42],[-96.84,47.38],[-96.84,47.2],[-96.82,47.11],[-96.82,46.97],[-96.78,46.9],[-96.8,46.82],[-96.78,46.73],[-96.8,46.67],[-96.75,46.58],[-96.74,46.48],[-96.67,46.38],[-96.6,46.33],[-96.6,46.22],[-96.55,46.08],[-96.58,46.03],[-96.56,45.94],[-96.58,45.83],[-96.65,45.75],[-96.84,45.65],[-96.86,45.61],[-96.77,45.52],[-96.68,45.41],[-96.62,45.41],[-96.49,45.36],[-96.45,45.3],[-96.45,44.46],[-96.45,43.98],[-96.45,43.5]]]},"properties":null},
{"type":"Feature","geometry":{"type":"Polygon","coordinates":[[[-88.4,30.37],[-88.42,30.87],[-88.44,31.25],[-88.47,31.89],[-88.4,32.45],[-88.33,33.07],[-88.25,33.72],[-88.21,34.03],[-88.13,34.62],[-88.1,34.89],[-88.15,34.92],[-88.2,35],[-88.85,35],[-89.43,34.99],[-90.31,35],[-90.25,34.95],[-90.25,34.91],[-90.41,34.83],[-90.48,34.86],[-90.45,34.75],[-90.52,34.63],[-90.59,34.62],[-90.55,34.54],[-90.59,34.48],[-90.57,34.43],[-90.61,34.39],[-90.76,34.37],[-90.74,34.31],[-90.83,34.27],[-90.85,34.21],[-90.82,34.14],[-90.91,34.17],[-90.95,34.11],[-90.87,34.08],[-90.89,34.03],[-90.99,34.02],[-91.09,33.98],[-91.01,33.93],[-91.07,33.87],[-91.05,33.78],[-91.08,33.66],[-91.16,33.71],[-91.22,33.66],[-91.14,33.63],[-91.13,33.6],[-91.23,33.56],[-91.17,33.45],[-91.21,33.4],[-91.14,33.35],[-91.14,33.3],[-91.08,33.22],[-91.09,33.15],[-91.18,33.14],[-91.2,33.11],[-91.12,33.06],[-91.17,33],[-91.21,32.92],[-91.16,32.9],[-91.09,32.98],[-91.07,32.89],[-91.15,32.84],[-91.17,32.75],[-91.06,32.73],[-91.06,32.7],[-91.15,32.64],[-91.09,32.55],[-91.12,32.5],[-91.1,32.46],[-91.03,32.43],[-90.97,32.43],[-91,32.37],[-90.91,32.34],[-90.92,32.3],[-91.05,32.24],[-91.16,32.2],[-91.16,32.13],[-91.05,32.12],[-91.04,32.1],[-91.1,32.05],[-91.08,32.02],[-91.19,31.96],[-91.2,31.91],[-91.27,31.86],[-91.34,31.85],[-91.37,31.75],[-91.4,31.71],[-91.4,31.64],[-91.49,31.59],[-91.52,31.53],[-91.51,31.44],[-91.47,31.4],[-91.52,31.37],[-91.52,31.28],[-91.64,31.27],[-91.64,31.23],[-91.59,31.19],[-91.63,31.12],[-91.56,31.04],[-91.63,31],[-91.07,31],[-90.38,31],[-89.75,31],[-89.76,30.94],[-89.8,30.8],[-89.83,30.77],[-89.85,30.67],[-89.82,30.6],[-89.77,30.52],[-89.68,30.45],[-89.68,30.41],[-89.63,30.34],[-89.64,30.3],[-89.62,30.23],[-89.57,30.18],[-89.52,30.18],[-89.45,30.19],[-89.42,30.25],[-89.33,30.3],[-89.27,30.31],[-89.02,30.38],[-88.86,30.39],[-88.84,30.41],[-88.75,30.35],[-88.6,30.36],[-88.45,30.33],[-88.4,30.37]]]},"properties":null},
{"type":"Feature","geometry":{"type":"Polygon","coordinates":[[[-89.54,36.5],[-89.55,36.58],[-89.48,36.57],[-89.49,36.5],[-89.42,36.5],[-89.38,36.62],[-89.33,36.63],[-89.26,36.56],[-89.23,36.57],[-89.16,36.67],[-89.2,36.72],[-89.17,36.76],[-89.18,36.81],[-89.12,36.89],[-89.1,36.96],[-89.13,36.98],[-89.2,37.01],[-89.29,36.99],[-89.38,37.04],[-89.38,37.09],[-89.46,37.2],[-89.46,37.25],[-89.52,37.29],[-89.49,37.33],[-89.44,37.34],[-89.42,37.4],[-89.52,37.54],[-89.51,37.69],[-89.58,37.71],[-89.74,37.85],[-89.8,37.86],[-89.84,37.91],[-89.9,37.87],[-89.97,37.92],[-90.01,37.97],[-90.13,38.06],[-90.24,38.11],[-90.27,38.16],[-90.35,38.21],[-90.37,38.28],[-90.35,38.38],[-90.3,38.43],[-90.26,38.53],[-90.19,38.6],[-90.18,38.67],[-90.21,38.71],[-90.12,38.8],[-90.11,38.85],[-90.25,38.92],[-90.31,38.92],[-90.45,38.97],[-90.54,38.88],[-90.58,38.87],[-90.66,38.92],[-90.71,39.06],[-90.68,39.09],[-90.73,39.25],[-90.84,39.34],[-91.06,39.47],[-91.1,39.54],[-91.15,39.55],[-91.19,39.61],[-91.24,39.63],[-91.37,39.73],[-91.36,39.79],[-91.43,39.84],[-91.42,39.91],[-91.49,40.04],[-91.51,40.13],[-91.51,40.24],[-91.46,40.34],[-91.42,40.38],[-91.52,40.41],[-91.68,40.55],[-91.73,40.61],[-92.1,40.6],[-92.76,40.59],[-93.26,40.58],[-94.09,40.57],[-94.49,40.57],[-94.99,40.58],[-95.77,40.59],[-95.76,40.53],[-95.7,40.53],[-95.69,40.47],[-95.61,40.31],[-95.47,40.23],[-95.48,40.18],[-95.4,40.13],[-95.42,40.06],[-95.31,40],[-95.21,39.91],[-95.08,39.86],[-95.02,39.9],[-94.96,39.9],[-94.94,39.86],[-94.89,39.83],[-94.96,39.75],[-94.97,39.69],[-95.03,39.67],[-95.06,39.58],[-95.1,39.53],[-94.92,39.38],[-94.9,39.3],[-94.85,39.27],[-94.82,39.21],[-94.74,39.17],[-94.69,39.18],[-94.62,39.16],[-94.61,39.12],[-94.61,38.62],[-94.61,38.22],[-94.62,37.77],[-94.62,37],[-94.62,36.5],[-94.11,36.5],[-93.13,36.5],[-92.35,36.5],[-91.4,36.5],[-90.69,36.5],[-90.15,36.5],[-90.14,36.41],[-90.06,36.38],[-90.08,36.27],[-90.22,36.18],[-90.25,36.13],[-90.29,36.11],[-90.38,36],[-89.73,36],[-89.69,36.03],[-89.68,36.08],[-89.59,36.13],[-89.61,36.17],[-89.69,36.22],[-89.59,36.24],[-89.54,36.27],[-89.61,36.31],[-89.53,36.34],[-89.51,36.37],[-89.54,36.42],[-89.54,36.5]]]},"properties":null},
{"type":"Feature","geometry":{"type":"Polygon","coordinates":[[[-95.77,40.59],[-95.79,40.66],[-95.84,40.68],[-95.89,40.73],[-95.84,40.78],[-95.85,40.86],[-95.81,40.88],[-95.86,41],[-95.86,41.09],[-95.93,41.2],[-95.93,41.46],[-96,41.47],[-96.09,41.53],[-96.12,41.69],[-96.07,41.8],[-96.16,41.9],[-96.13,41.97],[-96.18,41.98],[-96.24,42.04],[-96.27,42.11],[-96.35,42.17],[-96.32,42.23],[-96.37,42.31],[-96.41,42.34],[-96.41,42.41],[-96.39,42.47],[-96.44,42.49],[-96.5,42.48],[-96.64,42.55],[-96.71,42.61],[-96.69,42.65],[-96.8,42.67],[-96.81,42.7],[-96.98,42.76],[-97.13,42.77],[-97.21,42.81],[-97.22,42.85],[-97.31,42.87],[-97.44,42.85],[-97.6,42.86],[-97.69,42.84],[-97.85,42.87],[-97.95,42.77],[-98.04,42.76],[-98.13,42.82],[-98.47,42.95],[-98.5,43],[-99.47,43],[-99.92,43],[-100.63,43],[-101.63,43],[-102.49,43],[-103.13,43],[-104.05,43],[-104.05,42.5],[-104.05,41.89],[-104.05,41.42],[-104.05,41],[-103.5,41],[-102.87,41],[-102.05,41],[-102.05,40.54],[-102.05,40],[-101.41,40],[-100.47,40],[-99.81,40],[-98.93,40],[-98.1,40],[-97.52,40],[-97.05,40],[-96.15,40],[-95.31,40],[-95.42,40.06],[-95.4,40.13],[-95.48,40.18],[-95.47,40.23],[-95.61,40.31],[-95.69,40.47],[-95.7,40.53],[-95.76,40.53],[-95.77,40.59]]]},"properties":null},
{"type":"Feature","geometry":{"type":"Polygon","coordinates":[[[-72.46,42.73],[-71.98,42.71],[-71.29,42.7],[-71.13,42.82],[-71.06,42.81],[-71.03,42.86],[-70.93,42.88],[-70.82,42.87],[-70.81,42.91],[-70.7,43.06],[-70.83,43.13],[-70.82,43.24],[-70.97,43.34],[-70.99,43.41],[-70.95,43.55],[-70.97,43.57],[-70.99,43.79],[-71.01,44.3],[-71.03,44.66],[-71.08,45.31],[-71.13,45.24],[-71.23,45.25],[-71.28,45.3],[-71.4,45.22],[-71.43,45.13],[-71.5,45.07],[-71.5,45.01],[-71.54,44.99],[-71.49,44.91],[-71.56,44.85],[-71.57,44.79],[-71.63,44.74],[-71.55,44.63],[-71.56,44.57],[-71.6,44.49],[-71.65,44.48],[-71.71,44.41],[-71.79,44.4],[-71.81,44.36],[-72.03,44.32],[-72.07,44.27],[-72.07,44.19],[-72.03,44.08],[-72.12,43.99],[-72.12,43.92],[-72.19,43.86],[-72.18,43.8],[-72.3,43.7],[-72.33,43.6],[-72.37,43.58],[-72.41,43.36],[-72.4,43.31],[-72.44,43.26],[-72.46,43.15],[-72.44,43.09],[-72.44,43.01],[-72.53,42.95],[-72.55,42.88],[-72.54,42.81],[-72.46,42.73]]]},"properties":null},
{"type":"Feature","geometry":{"type":"Polygon","coordinates":[[[-109.05,31.33],[-108.21,31.33],[-108.21,31.78],[-107.42,31.78],[-106.53,31.78],[-106.64,31.87],[-106.62,32],[-106.13,32],[-105.43,32],[-104.53,32],[-103.75,32],[-103.06,32],[-103.06,32.52],[-103.06,33],[-103.06,33.39],[-103.04,34],[-103.04,34.67],[-103.04,35.25],[-103.04,36.06],[-103.04,36.5],[-103,36.5],[-103,37],[-103.73,37],[-104.34,36.99],[-105,36.99],[-105.63,37],[-106.2,36.99],[-106.87,36.99],[-106.88,37],[-107.42,37],[-108.25,37],[-109.05,37],[-109.05,36.5],[-109.05,35.88],[-109.05,35.36],[-109.05,34.96],[-109.05,34.52],[-109.05,34],[-109.05,33.63],[-109.05,33.07],[-109.05,32.43],[-109.05,32.09],[-109.05,31.33]]]},"properties":null},
{"type":"Feature","geometry":{"type":"Polygon","coordinates":[[[-96.56,45.94],[-96.58,46.03],[-96.55,46.08],[-96.6,46.22],[-96.6,46.33],[-96.67,46.38],[-96.74,46.48],[-96.75,46.58],[-96.8,46.67],[-96.78,46.73],[-96.8,46.82],[-96.78,46.9],[-96.82,46.97],[-96.82,47.11],[-96.84,47.2],[-96.84,47.38],[-96.86,47.42],[-96.85,47.59],[-96.94,47.77],[-96.98,47.81],[-97.02,47.92],[-97.05,47.95],[-97.08,48.05],[-97.15,48.17],[-97.12,48.28],[-97.15,48.36],[-97.13,48.46],[-97.16,48.54],[-97.1,48.69],[-97.14,48.73],[-97.18,48.85],[-97.24,48.97],[-97.23,49],[-97.78,49],[-98.87,49],[-99.91,49],[-100.43,49],[-101.13,49],[-102.22,49],[-103.38,49],[-104.05,49],[-104.05,48.6],[-104.04,47.97],[-104.05,47.34],[-104.05,46.83],[-104.05,46.38],[-104.05,45.95],[-103.67,45.95],[-102.92,45.95],[-102.18,45.94],[-101.42,45.94],[-100.94,45.94],[-100.17,45.94],[-99.26,45.94],[-98.41,45.94],[-97.78,45.94],[-97.14,45.94],[-96.56,45.94]]]},"properties":null},
{"type":"Feature","geometry":{"type":"Polygon","coordinates":[[[-94.62,36.5],[-94.62,37],[-95.41,37],[-96,37],[-96.5,37],[-97.46,37],[-98.35,37],[-99.03,37],[-99.65,37],[-100.2,37],[-100.73,37],[-101.36,37],[-102.04,36.99],[-102.7,37],[-103,37],[-103,36.5],[-102.25,36.5],[-101.62,36.5],[-101.09,36.5],[-100.52,36.5],[-100,36.5],[-100,36.06],[-100,35.62],[-100,35.18],[-100,34.56],[-99.95,34.58],[-99.89,34.55],[-99.75,34.42],[-99.7,34.38],[-99.6,34.37],[-99.58,34.42],[-99.5,34.41],[-99.4,34.38],[-99.39,34.44],[-99.26,34.4],[-99.21,34.34],[-99.19,34.21],[-99.04,34.2],[-98.95,34.21],[-98.91,34.18],[-98.77,34.14],[-98.69,34.13],[-98.65,34.16],[-98.58,34.15],[-98.49,34.06],[-98.42,34.08],[-98.36,34.16],[-98.3,34.13],[-98.17,34.11],[-98.12,34.08],[-98.08,34],[-97.95,33.99],[-97.97,33.88],[-97.87,33.85],[-97.83,33.86],[-97.67,33.99],[-97.59,33.95],[-97.55,33.9],[-97.46,33.9],[-97.46,33.84],[-97.37,33.82],[-97.34,33.87],[-97.27,33.86],[-97.21,33.92],[-97.17,33.85],[-97.21,33.8],[-97.17,33.74],[-97.1,33.73],[-97.09,33.8],[-96.99,33.89],[-97,33.93],[-96.92,33.96],[-96.87,33.85],[-96.79,33.87],[-96.76,33.82],[-96.69,33.85],[-96.67,33.91],[-96.6,33.88],[-96.62,33.84],[-96.53,33.82],[-96.5,33.77],[-96.42,33.78],[-96.34,33.69],[-96.28,33.77],[-96.23,33.75],[-96.17,33.77],[-96.15,33.84],[-96.05,33.84],[-95.94,33.86],[-95.83,33.84],[-95.71,33.89],[-95.56,33.93],[-95.53,33.88],[-95.41,33.87],[-95.29,33.88],[-95.23,33.96],[-95.13,33.94],[-95.05,33.86],[-94.96,33.84],[-94.92,33.79],[-94.83,33.74],[-94.78,33.76],[-94.71,33.69],[-94.65,33.69],[-94.49,33.64],[-94.47,34.02],[-94.46,34.64],[-94.43,35.39],[-94.52,35.93],[-94.62,36.5]]]},"properties":null},
{"type":"Feature","geometry":{"type":"Polygon","coordinates":[[[-117.03,42],[-117.03,42.62],[-117.03,43.03],[-117.03,43.83],[-116.98,43.87],[-116.97,43.97],[-116.93,44.02],[-116.98,44.09],[-116.9,44.15],[-116.97,44.2],[-116.98,44.24],[-117.06,44.23],[-117.1,44.28],[-117.17,44.26],[-117.22,44.29],[-117.19,44.34],[-117.24,44.4],[-117.23,44.48],[-117.14,44.55],[-117.12,44.61],[-117.04,44.75],[-116.93,44.78],[-116.83,44.93],[-116.85,45.02],[-116.73,45.14],[-116.67,45.32],[-116.55,45.51],[-116.46,45.62],[-116.54,45.69],[-116.54,45.73],[-116.59,45.78],[-116.67,45.78],[-116.7,45.82],[-116.78,45.83],[-116.92,46],[-117.48,46],[-118.13,46],[-118.99,46],[-119.13,45.93],[-119.26,45.94],[-119.36,45.92],[-119.62,45.91],[-119.67,45.86],[-119.97,45.82],[-120.17,45.76],[-120.21,45.73],[-120.4,45.7],[-120.51,45.7],[-120.56,45.74],[-120.63,45.75],[-120.69,45.72],[-120.86,45.67],[-121.08,45.65],[-121.18,45.61],[-121.22,45.67],[-121.34,45.7],[-121.4,45.69],[-121.53,45.73],[-121.74,45.69],[-121.81,45.71],[-121.91,45.65],[-122.1,45.58],[-122.18,45.58],[-122.25,45.55],[-122.33,45.55],[-122.38,45.58],[-122.47,45.58],[-122.68,45.62],[-122.76,45.66],[-122.76,45.73],[-122.8,45.81],[-122.79,45.87],[-122.81,45.96],[-122.9,46.08],[-123.12,46.19],[-123.17,46.19],[-123.28,46.14],[-123.37,46.15],[-123.43,46.18],[-123.43,46.23],[-123.48,46.27],[-123.55,46.26],[-123.71,46.2],[-123.82,46.19],[-123.85,46.16],[-124.01,46.22],[-123.93,46.07],[-123.94,45.98],[-123.99,45.95],[-123.97,45.91],[-123.97,45.76],[-123.94,45.66],[-123.96,45.43],[-123.98,45.15],[-124.03,44.9],[-124.07,44.83],[-124.06,44.66],[-124.08,44.5],[-124.08,44.42],[-124.11,44.27],[-124.12,44.1],[-124.17,43.81],[-124.23,43.56],[-124.29,43.44],[-124.34,43.35],[-124.4,43.31],[-124.38,43.27],[-124.43,43.12],[-124.46,43],[-124.55,42.84],[-124.51,42.74],[-124.47,42.73],[-124.42,42.66],[-124.39,42.57],[-124.44,42.44],[-124.41,42.25],[-124.36,42.18],[-124.36,42.11],[-124.3,42.05],[-124.21,42],[-123.73,42],[-123.35,42],[-123.15,42.01],[-123.05,42],[-122.63,42],[-122.38,42.01],[-121.58,42],[-121.04,41.99],[-120.29,41.99],[-120,41.99],[-119.79,42],[-119.21,41.99],[-118.7,41.99],[-118.2,42],[-117.63,42],[-117.03,42]]]},"properties":null},
{"type":"Feature","geometry":{"type":"Polygon","coordinates":[[[-78.54,33.85],[-79.25,34.45],[-79.36,34.55],[-79.68,34.8],[-79.87,34.81],[-80.5,34.82],[-80.8,34.82],[-80.78,34.94],[-80.93,35.11],[-81.04,35.04],[-81.04,35.15],[-81.72,35.18],[-82.27,35.2],[-82.46,35.18],[-82.61,35.14],[-82.75,35.07],[-82.78,35.09],[-83.11,35],[-83.12,34.94],[-83.24,34.88],[-83.27,34.82],[-83.32,34.79],[-83.35,34.73],[-83.34,34.68],[-83.17,34.59],[-83,34.47],[-82.9,34.49],[-82.86,34.46],[-82.84,34.37],[-82.79,34.34],[-82.75,34.27],[-82.72,34.15],[-82.68,34.13],[-82.6,34.03],[-82.56,33.95],[-82.42,33.86],[-82.35,33.83],[-82.26,33.76],[-82.2,33.63],[-82.13,33.59],[-82.05,33.56],[-81.99,33.49],[-81.91,33.44],[-81.94,33.36],[-81.91,33.32],[-81.85,33.31],[-81.83,33.23],[-81.76,33.2],[-81.76,33.16],[-81.7,33.12],[-81.62,33.1],[-81.49,33.01],[-81.5,32.94],[-81.42,32.84],[-81.43,32.7],[-81.41,32.62],[-81.37,32.58],[-81.28,32.56],[-81.2,32.47],[-81.21,32.42],[-81.12,32.29],[-81.16,32.24],[-81.12,32.19],[-81.12,32.12],[-81.07,32.09],[-81.01,32.1],[-80.92,32.04],[-80.89,32.03],[-80.84,32.11],[-80.72,32.16],[-80.67,32.22],[-80.76,32.29],[-80.71,32.33],[-80.65,32.26],[-80.57,32.27],[-80.47,32.32],[-80.43,32.39],[-80.48,32.46],[-80.47,32.5],[-80.36,32.5],[-80.33,32.48],[-80.21,32.56],[-80.12,32.59],[-79.99,32.62],[-79.88,32.68],[-79.87,32.76],[-79.73,32.81],[-79.7,32.85],[-79.58,32.91],[-79.62,32.95],[-79.58,33.01],[-79.52,33.04],[-79.48,33],[-79.36,33.01],[-79.33,33.09],[-79.25,33.12],[-79.19,33.17],[-79.18,33.25],[-79.15,33.38],[-79.08,33.48],[-78.94,33.64],[-78.81,33.74],[-78.71,33.8],[-78.54,33.85]]]},"properties":null},
{"type":"Feature","geometry":{"type":"Polygon","coordinates":[[[-96.44,42.49],[-96.52,42.63],[-96.64,42.74],[-96.53,42.89],[-96.54,42.92],[-96.51,43.02],[-96.44,43.11],[-96.49,43.22],[-96.55,43.23],[-96.58,43.3],[-96.53,43.31],[-96.52,43.39],[-96.59,43.43],[-96.6,43.5],[-96.45,43.5],[-96.45,43.98],[-96.45,44.46],[-96.45,45.3],[-96.49,45.36],[-96.62,45.41],[-96.68,45.41],[-96.77,45.52],[-96.86,45.61],[-96.84,45.65],[-96.65,45.75],[-96.58,45.83],[-96.56,45.94],[-97.14,45.94],[-97.78,45.94],[-98.41,45.94],[-99.26,45.94],[-100.17,45.94],[-100.94,45.94],[-101.42,45.94],[-102.18,45.94],[-102.92,45.95],[-103.67,45.95],[-104.05,45.95],[-104.04,45.37],[-104.04,45],[-104.06,45],[-104.05,44.18],[-104.06,43.85],[-104.05,43],[-103.13,43],[-102.49,43],[-101.63,43],[-100.63,43],[-99.92,43],[-99.47,43],[-98.5,43],[-98.47,42.95],[-98.13,42.82],[-98.04,42.76],[-97.95,42.77],[-97.85,42.87],[-97.69,42.84],[-97.6,42.86],[-97.44,42.85],[-97.31,42.87],[-97.22,42.85],[-97.21,42.81],[-97.13,42.77],[-96.98,42.76],[-96.81,42.7],[-96.8,42.67],[-96.69,42.65],[-96.71,42.61],[-96.64,42.55],[-96.5,42.48],[-96.44,42.49]]]},"properties":null},
{"type":"Feature","geometry":{"type":"Polygon","coordinates":[[[-72.46,42.73],[-72.54,42.81],[-72.55,42.88],[-72.53,42.95],[-72.44,43.01],[-72.44,43.09],[-72.46,43.15],[-72.44,43.26],[-72.4,43.31],[-72.41,43.36],[-72.37,43.58],[-72.33,43.6],[-72.3,43.7],[-72.18,43.8],[-72.19,43.86],[-72.12,43.92],[-72.12,43.99],[-72.03,44.08],[-72.07,44.19],[-72.07,44.27],[-72.03,44.32],[-71.81,44.36],[-71.79,44.4],[-71.71,44.41],[-71.65,44.48],[-71.6,44.49],[-71.56,44.57],[-71.55,44.63],[-71.63,44.74],[-71.57,44.79],[-71.56,44.85],[-71.49,44.91],[-71.54,44.99],[-71.5,45.01],[-72.31,45],[-72.85,45.02],[-73.34,45.01],[-73.34,44.92],[-73.38,44.85],[-73.34,44.8],[-73.37,44.74],[-73.39,44.62],[-73.3,44.48],[-73.3,44.43],[-73.33,44.37],[-73.31,44.27],[-73.39,44.19],[-73.44,44.05],[-73.41,44.03],[-73.41,43.93],[-73.37,43.87],[-73.39,43.82],[-73.35,43.77],[-73.43,43.63],[-73.3,43.62],[-73.25,43.53],[-73.26,43.26],[-73.28,42.83],[-73.26,42.75],[-72.46,42.73]]]},"properties":null},
{"type":"Feature","geometry":{"type":"MultiPolygon","coordinates":[[[[-75.24,38.03],[-75.62,37.99],[-75.67,37.95],[-75.71,37.94],[-75.69,37.86],[-75.8,37.76],[-75.91,37.62],[-76.01,37.33],[-76.01,37.21],[-75.95,37.12],[-75.9,37.12],[-75.8,37.2],[-75.8,37.3],[-75.74,37.34],[-75.67,37.47],[-75.59,37.57],[-75.61,37.61],[-75.58,37.68],[-75.51,37.8],[-75.45,37.86],[-75.33,37.89],[-75.24,38.03]]],[[[-81.97,37.54],[-82.35,37.27],[-82.5,37.23],[-82.72,37.12],[-82.72,37.06],[-82.82,37],[-82.88,36.89],[-82.97,36.86],[-83.07,36.85],[-83.13,36.78],[-83.19,36.74],[-83.39,36.69],[-83.42,36.67],[-83.53,36.66],[-83.68,36.6],[-82.89,36.59],[-81.93,36.59],[-81.92,36.62],[-81.65,36.61],[-81.68,36.59],[-80.84,36.56],[-80.7,36.56],[-80.3,36.54],[-79.51,36.54],[-78.51,36.54],[-77.75,36.55],[-76.92,36.54],[-76.81,36.55],[-75.87,36.55],[-75.95,36.76],[-76,36.92],[-76.1,36.91],[-76.33,36.96],[-76.33,36.92],[-76.48,36.9],[-76.49,36.95],[-76.59,37.03],[-76.67,37.06],[-76.66,37.11],[-76.76,37.19],[-76.65,37.22],[-76.6,37.16],[-76.62,37.12],[-76.46,37.03],[-76.43,36.97],[-76.34,37.02],[-76.3,37],[-76.27,37.08],[-76.34,37.17],[-76.4,37.16],[-76.38,37.29],[-76.45,37.37],[-76.42,37.4],[-76.34,37.36],[-76.28,37.32],[-76.25,37.39],[-76.25,37.45],[-76.3,37.56],[-76.41,37.58],[-76.44,37.61],[-76.53,37.61],[-76.57,37.65],[-76.62,37.74],[-76.68,37.76],[-76.73,37.8],[-76.78,37.87],[-76.58,37.77],[-76.54,37.66],[-76.47,37.67],[-76.36,37.61],[-76.3,37.69],[-76.31,37.81],[-76.25,37.83],[-76.24,37.89],[-76.34,37.95],[-76.42,37.97],[-76.52,38.03],[-76.54,38.07],[-76.6,38.11],[-76.61,38.15],[-76.76,38.17],[-76.84,38.16],[-76.96,38.21],[-76.96,38.26],[-77.03,38.31],[-77.01,38.37],[-77.08,38.37],[-77.24,38.33],[-77.28,38.34],[-77.33,38.45],[-77.25,38.59],[-77.13,38.64],[-77.13,38.67],[-77.04,38.72],[-77.04,38.79],[-77.03,38.85],[-77.12,38.93],[-77.15,38.96],[-77.22,38.97],[-77.24,39.02],[-77.34,39.06],[-77.46,39.08],[-77.53,39.15],[-77.46,39.23],[-77.54,39.27],[-77.57,39.31],[-77.72,39.32],[-77.75,39.3],[-77.83,39.13],[-78.35,39.47],[-78.34,39.35],[-78.42,39.26],[-78.44,39.2],[-78.4,39.17],[-78.57,39.03],[-78.6,38.96],[-78.68,38.93],[-78.74,38.93],[-78.79,38.89],[-78.87,38.76],[-78.99,38.85],[-79.07,38.75],[-79.09,38.66],[-79.13,38.66],[-79.21,38.49],[-79.31,38.41],[-79.48,38.46],[-79.54,38.55],[-79.65,38.59],[-79.7,38.48],[-79.69,38.43],[-79.74,38.35],[-79.81,38.31],[-79.79,38.27],[-79.9,38.19],[-79.93,38.11],[-80,37.99],[-80.16,37.88],[-80.3,37.69],[-80.26,37.6],[-80.33,37.56],[-80.3,37.51],[-80.48,37.42],[-80.55,37.47],[-80.71,37.39],[-80.78,37.39],[-80.86,37.43],[-80.88,37.38],[-80.85,37.35],[-80.95,37.3],[-81.11,37.28],[-81.23,37.23],[-81.36,37.34],[-81.45,37.27],[-81.56,37.21],[-81.68,37.2],[-81.76,37.28],[-81.85,37.31],[-81.93,37.36],[-81.95,37.45],[-82,37.48],[-81.97,37.54]]]]},"properties":null},
{"type":"Feature","geometry":{"type":"Polygon","coordinates":[[[-81.97,37.54],[-82,37.48],[-81.95,37.45],[-81.93,37.36],[-81.85,37.31],[-81.76,37.28],[-81.68,37.2],[-81.56,37.21],[-81.45,37.27],[-81.36,37.34],[-81.23,37.23],[-81.11,37.28],[-80.95,37.3],[-80.85,37.35],[-80.88,37.38],[-80.86,37.43],[-80.78,37.39],[-80.71,37.39],[-80.55,37.47],[-80.48,37.42],[-80.3,37.51],[-80.33,37.56],[-80.26,37.6],[-80.3,37.69],[-80.16,37.88],[-80,37.99],[-79.93,38.11],[-79.9,38.19],[-79.79,38.27],[-79.81,38.31],[-79.74,38.35],[-79.69,38.43],[-79.7,38.48],[-79.65,38.59],[-79.54,38.55],[-79.48,38.46],[-79.31,38.41],[-79.21,38.49],[-79.13,38.66],[-79.09,38.66],[-79.07,38.75],[-78.99,38.85],[-78.87,38.76],[-78.79,38.89],[-78.74,38.93],[-78.68,38.93],[-78.6,38.96],[-78.57,39.03],[-78.4,39.17],[-78.44,39.2],[-78.42,39.26],[-78.34,39.35],[-78.35,39.47],[-77.83,39.13],[-77.75,39.3],[-77.72,39.32],[-77.76,39.33],[-77.75,39.42],[-77.8,39.49],[-77.85,39.5],[-77.88,39.56],[-78.01,39.6],[-78.08,39.67],[-78.17,39.7],[-78.27,39.62],[-78.35,39.64],[-78.42,39.62],[-78.46,39.52],[-78.57,39.52],[-78.69,39.55],[-78.8,39.61],[-78.87,39.52],[-78.95,39.46],[-79.1,39.46],[-79.13,39.42],[-79.25,39.34],[-79.49,39.21],[-79.48,39.72],[-79.85,39.72],[-80.52,39.72],[-80.52,40.08],[-80.52,40.64],[-80.63,40.62],[-80.67,40.57],[-80.6,40.48],[-80.61,40.44],[-80.6,40.32],[-80.7,40.15],[-80.74,39.97],[-80.8,39.92],[-80.79,39.86],[-80.87,39.75],[-80.88,39.62],[-80.93,39.61],[-81.02,39.55],[-81.13,39.45],[-81.22,39.39],[-81.27,39.39],[-81.35,39.35],[-81.46,39.41],[-81.56,39.34],[-81.57,39.27],[-81.68,39.27],[-81.69,39.23],[-81.76,39.18],[-81.75,39.09],[-81.81,39.06],[-81.76,39.02],[-81.78,38.96],[-81.84,38.93],[-81.9,38.94],[-81.93,38.99],[-82.04,39.03],[-82.14,38.9],[-82.14,38.84],[-82.22,38.8],[-82.18,38.71],[-82.19,38.59],[-82.29,38.58],[-82.32,38.45],[-82.53,38.41],[-82.59,38.42],[-82.6,38.34],[-82.57,38.26],[-82.64,38.14],[-82.55,38.07],[-82.52,38],[-82.46,37.98],[-82.5,37.93],[-82.42,37.89],[-82.4,37.82],[-82.35,37.79],[-82.3,37.69],[-82.21,37.63],[-82.18,37.63],[-82.12,37.55],[-81.97,37.54]]]},"properties":null},
{"type":"Feature","geometry":{"type":"Polygon","coordinates":[[[-109.05,41],[-108.25,41],[-107.63,41],[-106.86,41],[-106.22,41],[-105.73,41],[-104.86,41],[-104.05,41],[-104.05,41.42],[-104.05,41.89],[-104.05,42.5],[-104.05,43],[-104.06,43.85],[-104.05,44.18],[-104.06,45],[-105.04,45],[-105.85,45],[-105.93,44.99],[-106.26,44.99],[-107.08,45],[-107.13,45],[-108.27,45],[-109.08,45],[-109.1,45.01],[-109.75,45],[-110.11,45],[-110.2,45],[-110.71,44.99],[-110.79,45],[-111.06,45],[-111.06,44.62],[-111.05,44.47],[-111.05,44.02],[-111.04,43.32],[-111.04,42.72],[-111.05,42.5],[-111.05,42],[-111.05,41.57],[-111.05,41],[-110.5,40.99],[-109.53,41],[-109.05,41]]]},"properties":null}
]}